sampleID	Temporal_Gyrus_(mid)_Left_Supramarginal_Gyrus_left	Frontal_Gyrus_(mid)_Left_Supramarginal_Gyrus_left	Superior_Frontal_Gyrus_(ventral)_Supramarginal_Gyrus_left	Frontal_Gyrus_(mid)_right_Supramarginal_Gyrus_left	Temporal_Gyrus_(mid)_right_Supramarginal_Gyrus_left	Supramarginal_Gyrus_right_Supramarginal_Gyrus_left	Frontal_Gyrus_(mid)_Left_Temporal_Gyrus_(mid)_left	Superior_Frontal_Gyrus_(ventral)_Temporal_Gyrus_(mid)_left	Frontal_Gyrus_(mid)_right_Temporal_Gyrus_(mid)_left	Temporal_Gyrus_(mid)_right_Temporal_Gyrus_(mid)_left	Supramarginal_Gyrus_right_Temporal_Gyrus_(mid)_left	Superior_Frontal_Gyrus_(ventral)_Frontal_Gyrus_(mid)_left	Frontal_Gyrus_(mid)_right_Frontal_Gyrus_(mid)_left	Temporal_Gyrus_(mid)_right_Frontal_Gyrus_(mid)_left	Supramarginal_Gyrus_right_Frontal_Gyrus_(mid)_left	Frontal_Gyrus_(mid)_right_Superior_Frontal_Gyrus_(ventral)	Supramarginal_Gyrus_right_Superior_Frontal_Gyrus_(ventral)	Temporal_Gyrus_(mid)_right_Superior_Frontal_Gyrus_(ventral)	Temporal_Gyrus_(mid)_right_Frontal_Gyrus_(mid)_right	Supramarginal_Gyrus_right_Frontal_Gyrus_(mid)_right	Supramarginal_Gyrus_right_Temporal_Gyrus_(mid)_right
LCC1001_52	0.933611846	0.384924659	-0.048853727	0.347535477	0.569471814	0.901019841	0.464544618	0.184049298	0.341903883	0.417662017	0.766697665	0.633124688	0.739820622	0.74444076	0.654384711	0.527794592	0.121791063	0.210575682	1.156463806	0.480286844	0.664254506
LCC1002_52	0.366556009	0.386111204	-0.074777711	-0.267195726	0.03198538	0.152911933	0.537745482	-0.032397324	-0.21841146	-0.117657573	0.226239987	0.373737974	0.123997351	0.342385191	0.534744962	0.683654913	-0.070173943	0.386205507	0.865885412	-0.002218917	0.299983602
LCC1003_52	0.480150082	0.535852603	0.602927501	-0.039041849	0.525200109	0.563394533	0.609245243	0.457162394	0.342324415	0.858415151	0.397156398	0.592709373	0.185523993	0.602470279	0.328843726	-0.153231195	0.131725167	0.416321225	0.248676976	0.637364055	0.457840111
LCC1004_52	0.390316907	0.129968298	-0.07752202	0.054057944	-0.115773113	0.681271742	0.631175024	0.271467016	0.373293621	0.045007568	0.39133465	0.883265792	0.844072809	0.129498039	0.255808595	0.677244703	0.158605487	0.022209168	0.44450858	0.339514248	0.172444363
LCC1005_52	0.951863233	0.637298916	0.167241973	0.470254032	0.570186701	1.08378293	0.742286048	0.333717703	0.750711258	0.875888563	0.948576947	0.453964274	1.046262264	0.892658276	0.491581946	0.534476088	0.298832755	0.882556324	1.238181394	0.480238249	0.744424786
LCC1006_52	0.54660529	0.224073322	-0.379469028	0.303201861	0.283970784	0.776515622	0.538931011	0.112212975	0.276261665	0.692629019	0.578292996	0.811418763	0.187985677	0.381032538	0.253599963	-0.013082982	-0.129595139	0.220809278	0.641584605	0.611117412	0.757726303
LCC1007_0	0.658240247	0.509386626	-0.243246295	0.682586625	0.539975991	0.651277483	0.884617076	-0.337807011	0.429783472	0.780737178	0.96585402	0.09498527	0.539397861	0.801407311	0.589637748	-0.441707355	-0.124505619	-0.446079094	0.804646753	0.223642292	0.552737707
LCC1007_52	0.863997679	0.489321561	0.66614309	0.608980382	0.599056397	0.764292794	0.550367992	0.732617274	0.520337414	0.776445146	0.983998661	0.710766041	0.74109434	0.752526513	0.420678773	1.063579258	0.439473582	0.795635112	1.138301589	0.307663297	0.571160349
LCC1008_0	0.68997052	0.567812225	0.037217	0.324955118	0.626240289	0.139323167	0.448714318	0.059984347	0.400782696	0.566512919	0.307819879	0.319353431	0.143451259	0.407759697	0.141664179	0.264200829	0.029678794	0.341314336	0.785745602	-0.073991058	0.084279992
LCC1008_52	0.124780034	0.208746516	0.052760472	0.038168646	0.197656064	0.386157166	0.367749155	0.102614618	0.201617233	0.731617479	0.298409088	0.57091519	0.726137138	0.284967514	0.814237321	0.266867934	0.291118089	0.157242508	0.433661219	0.491147078	0.291201028
LCC1009_52	0.593296203	0.459421333	0.028310629	0.322741342	0.792369158	0.480375497	1.018233528	0.391189843	0.368014686	0.689664106	0.998784574	0.442829461	0.414701987	0.517934533	0.939180907	0.146913025	0.298966671	0.216231915	0.846457141	0.648187705	0.779487394
LCC1010_52	0.575234216	0.459909017	0.303746571	0.639201982	0.562289199	0.610649246	0.723167437	0.534723981	0.744584256	0.613208945	0.464632495	0.707677638	1.062971807	0.517252581	0.353858347	0.543609812	0.252566958	0.140067049	0.683869008	0.507321636	0.696199253
LCC1012_52	0.678645654	0.350088258	-0.111025199	0.327495774	0.429450819	0.585306698	0.193912626	-0.166471905	0.458322251	0.752738021	0.838947948	0.231017285	0.276873988	0.197294263	0.181636792	0.306821077	-0.229327148	-0.025726823	0.701407144	0.408667763	0.717080883
LCC1014_0	0.658953385	0.353128542	0.14508974	0.525854094	0.21402744	-0.044027604	0.070432967	0.179371274	0.650566334	0.414958047	0.049721423	0.465025255	0.165714969	0.487374151	0.328409931	0.292726939	0.086763245	0.54737019	0.341616056	0.114777781	0.377994899
LCC1014_52	0.495452907	0.075215186	-0.000126991	0.55642073	0.29968897	1.132712827	0.390970977	0.948295727	0.679864565	1.160112132	0.318224267	0.567359899	0.454414732	0.424559565	0.145153025	0.520850419	-0.050881385	0.845631087	0.870169456	0.672703266	0.261002262
LCC1015_52	0.635402919	0.33951055	0.299470117	0.010999549	0.405871029	0.047695367	0.859324754	0.737662719	0.321160762	0.708468945	0.099418196	1.154981971	0.572632992	0.956084935	0.121077801	0.229176087	-0.191495823	0.687588172	0.440270847	0.578794195	0.227457375
LCC1016_0	0.483637335	0.229161073	-0.079180811	0.19696139	0.099836427	0.192557333	-0.025529359	0.114569111	0.335104908	0.455340685	0.209599189	0.368658687	0.236888505	0.223975819	0.326777209	0.482767959	0.283779446	0.583093126	0.616249213	0.620230703	0.948109616
LCC1016_52	0.677102153	0.245622026	0.293216435	0.37200866	0.43173677	0.471797675	-0.061710004	0.183926263	0.333269766	0.588915807	0.124392312	-0.039710027	-0.037995546	-0.092348185	0.322367495	0.19321399	-0.082243325	0.121131588	0.999136241	0.729061282	0.557576618
LCC1017_52	0.904937672	0.441684326	0.241007616	0.317683016	0.554509673	0.819831454	0.545334849	0.305945285	0.431542	0.804695656	0.925792031	0.905696735	0.445717457	0.170820648	0.211097613	0.268794022	0.08800314	-0.020344132	0.710599961	0.389830248	0.850711036
LCC1018_0	0.484878315	-0.156991286	-0.376037715	0.065534533	0.192692839	0.248672971	0.092233954	0.17369732	0.440265162	0.320937794	0.344048804	0.260115871	0.779251275	0.450598612	0.682749487	0.238707477	0.213590276	0.005716151	0.607041609	0.531628067	0.811443105
LCC1018_52	0.2260845	0.786141713	0.182848082	0.50009363	0.776902936	0.57675595	0.435819735	0.537539252	0.297076647	0.423532522	-0.065907229	0.48662403	0.877573917	0.74905835	0.26659296	0.147738693	-0.252770292	0.197825401	1.00736509	0.288412116	0.595201909
LCC1019_0	0.706644414	0.471782872	0.03030322	0.145557856	0.420744497	0.47997773	0.661367509	0.266675571	0.253785262	0.695954251	0.445171011	0.666601084	0.486420666	0.618177113	0.644331815	0.26745111	0.371187245	0.400988414	0.543148094	0.69855933	0.994959724
LCC1019_52	0.335713806	0.544593543	0.066906501	0.007920073	0.10688158	0.48652271	0.343902848	-0.034284596	-0.230076165	0.102841209	0.503785649	0.380934836	0.213485269	0.068195537	0.210017369	0.661193282	-0.233669887	0.070575059	0.679080698	-0.177462002	0.296466047
LCC1020_52	0.787143576	0.760302145	0.309858269	0.132373744	0.292949768	0.247191383	0.622527753	0.32402314	0.325940053	0.257833837	0.183288938	0.962880544	0.05092649	0.670201039	0.589366217	0.082453172	0.474543186	0.776711276	0.15900151	-0.422729462	0.67231721
LCC1021_0	0.636840236	0.395522366	0.520947848	0.414729789	0.240231675	0.683627594	0.320484162	0.464234092	0.208182073	0.24556217	0.367486804	0.550674326	0.422403094	0.829227638	0.599221227	0.09488597	0.470036703	0.324564966	0.64024725	0.327896306	0.559292503
LCC1021_52	0.412698568	0.455742294	0.188092723	0.011941277	0.282521701	0.560033911	0.919664014	0.594238666	-0.045333107	0.463514408	1.100347048	0.792810824	-0.040023408	0.341475979	1.083193706	0.360720776	0.684524629	0.456806687	1.016553717	-0.004082483	0.456012722
LCC1022_0	0.199741134	0.166297659	-0.105430814	0.125942117	0.204012133	-0.11467257	0.261202259	-0.110151092	0.017357085	0.307636509	0.015472331	-0.06599393	0.34877078	0.304464994	0.361497877	0.235460878	0.135414787	0.209093369	0.319231532	0.326853578	0.045673171
LCC1023_0	0.705324197	0.323614862	0.117748407	0.496252058	0.059347506	0.425046406	0.454116217	0.134474918	0.382294434	0.22418222	0.638347464	0.705667182	0.533871786	0.205762351	0.595736536	0.322282715	0.399261853	0.131264845	0.41911582	0.72950652	0.411766722
LCC1023_52	0.527798889	-0.202790809	-0.272021531	0.658279535	0.698933124	0.50902059	0.493907752	0.211296589	0.65003938	0.676105631	0.529189111	0.380224267	0.282366557	0.254566247	0.243236662	0.2715927	-0.064013602	0.100595656	1.338775235	0.680634341	1.072289356
LCC1025_52	0.400747373	0.456143648	0.407134406	0.1880076	0.192938704	0.600842563	0.434994234	0.262514835	0.127698101	0.898884602	0.528303157	0.57498613	-0.057162585	0.756094389	0.61061733	0.016472065	0.421676186	0.398155413	0.161303143	0.054429369	0.657963973
LCC1026_0	0.962389236	0.772934545	0.173000365	0.766208241	0.937476036	1.189955879	0.536342944	0.274510494	0.811284233	0.713323451	0.850513857	0.569783326	0.828728913	0.788963558	0.828495515	0.656321765	0.28641989	0.351455907	0.870194493	0.813861572	0.994854032
LCC1026_52	0.397083993	0.512960884	0.386751019	0.145103758	0.071451675	0.384293253	0.926016899	0.884464387	0.553333931	0.621964552	0.231714444	0.979311593	0.961102175	0.834999798	0.230810242	0.790097172	0.185978163	0.898889909	1.437787472	0.30797212	0.374327256
LCC1027_52	0.91910554	0.97929627	0.155974986	0.498453421	0.49918013	0.638376961	1.148590527	0.206367602	0.580439858	0.718921002	0.829141705	0.298751929	0.777030831	0.891925195	1.092137197	0.600556716	0.265825015	0.466499919	1.267351955	0.673868283	0.846671745
LCC1028_0	-0.244393064	0.343541016	0.160836508	0.434675186	0.618215017	0.509183365	0.485289091	0.36312521	0.529004643	-0.190590109	-0.066625002	0.625114494	1.124792254	0.270366943	0.240103273	0.607471592	0.030439078	0.034162636	0.415514125	0.270589768	0.850643214
LCC1028_52	0.799099727	0.67551365	0.375118799	0.678208445	0.594536273	0.661184371	0.919597398	0.470822706	0.748939647	0.977355045	0.800783118	0.681406928	1.362335435	0.897804797	0.64395704	0.815554842	0.423018804	0.581132207	1.031063256	0.78227693	1.139686303
LCC1032_0	0.325408097	0.412689987	-0.195475428	-0.020861948	0.156183424	0.486051101	0.498979864	0.260900472	0.636554784	0.835575963	0.144922088	0.596448654	0.579066051	0.435950331	0.21251027	0.668938992	-0.190650579	0.323232558	0.935370865	0.041417188	0.239362385
LCC1032_52	0.913908718	0.646545895	0.441992059	0.43691404	0.484691981	0.480344716	0.796740847	0.725860343	0.670064486	0.647730841	0.237820018	0.865685314	0.693227265	0.66702002	0.225973418	1.008834339	0.051052551	0.996555308	1.033072659	-0.091650764	0.195872519
LCC1033_0	0.175311117	0.199798999	-0.37240919	0.096096663	-0.011451356	0.2364911	0.556281303	0.348020494	0.900809386	0.759454669	0.281180188	0.669761781	0.749987119	0.334620143	0.067828995	0.511265876	0.054964941	0.316674722	0.61079155	0.009443877	0.588604809
LCC1033_52	-0.00270648	0.056759764	0.022764312	0.40720989	0.154450914	0.109027047	0.339080817	0.256864208	0.210461175	0.643712609	0.136490991	0.85345671	0.202862942	0.254347427	0.526149812	0.25162444	0.664160158	0.368990302	0.541522108	0.030464824	0.333014365
LCC1034_52	0.529163111	0.279398429	0.263599699	0.229478928	0.203720023	0.235167374	0.274945983	-0.062720806	-0.093713566	0.100687653	0.162043933	0.995395805	0.372710007	0.461242457	0.517537578	0.69246239	0.517998447	0.595181173	1.346826203	0.432277698	0.369490194
LCC1035_52	0.823691055	0.760783431	0.637351989	0.555545499	0.492921513	0.4207826	0.722018384	0.605168285	0.36536854	0.645462413	0.336610973	0.629845938	0.211316843	0.260474036	0.474291679	0.448851851	0.201977738	0.551913003	0.491467892	0.147608893	0.460104207
LCC1037_0	0.208324578	0.542334325	0.104202329	-0.013632682	0.765440446	0.368960527	-0.451630466	-0.505827243	0.381117045	0.609397094	0.191743293	0.743279192	0.131411954	0.109974621	0.191011108	0.225094292	0.004866201	-0.322621484	0.073713923	0.081557652	0.423047358
LCC1038_52	0.245727342	0.740423302	0.229840992	0.55233189	0.608535704	0.887103361	0.493492854	0.292069956	0.442567142	-0.15063995	0.468929976	0.616868063	0.491609595	0.166257462	0.663471392	0.241147075	0.418832284	-0.22393668	0.576570062	0.44164204	0.313016093
LCC1039_52	0.619362821	0.440126594	0.03667405	0.177727664	0.329587677	0.39646085	1.032016534	0.094025572	0.520542326	0.791759891	0.681731855	0.443333109	0.644741851	0.699047801	0.634098994	0.900371179	0.277114023	0.377210248	1.120901773	0.615626252	0.700252062
LCC1040_0	0.758325075	0.172796763	-0.019946755	0.162308248	0.108058819	-0.217826254	0.434036417	0.08172245	0.369977581	0.480541076	0.003407842	0.799034607	1.143127822	0.68509782	0.612961803	0.601632641	0.417251355	0.313580306	0.759547392	0.554399169	0.477066552
LCC1040_52	0.991941373	0.792732094	0.600634731	0.57499616	0.7567579	1.089581902	1.083688177	0.749495816	0.752232597	0.759065473	1.093607806	1.06200484	1.137863199	0.797000884	0.932172837	1.169479577	0.529829302	0.628460179	0.900703328	0.663406629	0.91068954
LCC1042_0	0.739840623	0.571502956	0.04722034	0.50433477	0.837394271	0.97447406	0.489880452	0.099878561	0.64463693	0.871920514	0.495382107	0.446344033	0.906582827	0.549878883	0.717980476	0.713258789	0.112353103	0.095171225	0.613095624	0.564354511	0.664686627
LCC1042_52	0.49365541	0.128175286	-0.078775593	0.146836242	0.361005542	0.253196363	0.593982781	-0.154202346	0.020161065	0.739084052	0.300115262	0.215138893	0.150844163	0.481372431	0.650445908	0.376512447	0.142053116	0.012971666	0.342570926	0.278329793	0.401817848
LCC1043_0	0.536902383	0.249833016	-0.123856239	0.248124582	0.716862484	0.604276017	0.385419072	0.036318641	0.320298033	1.002080224	0.548745972	0.304264354	0.641151361	0.382637805	0.351950715	0.049826228	-0.245255017	0.169302472	0.376235925	0.481097348	0.622171919
LCC1043_52	1.295275116	0.330529283	0.061423902	0.272116469	0.968189553	0.975733744	0.419876146	0.098660999	0.346232929	1.17888975	0.759152393	0.684051155	0.877652963	0.28271868	0.143425487	0.5113222	0.037015313	0.108106489	0.411560424	0.122698641	0.823511026
LCC1044_52	-0.219734809	0.180769884	0.225566852	0.580018416	0.704058917	0.169161908	0.185893446	0.44826108	-0.482487762	-0.389042494	-0.149422878	0.788279027	0.509772383	0.504495358	0.428876757	0.290409603	0.027282011	0.404277096	1.498205175	0.303133338	0.108628539
LCC1045_52	0.118871159	0.125273314	0.193177682	0.143153229	0.260384992	0.218315907	0.558054548	0.474363708	0.242713322	0.268535555	0.12243824	0.899045025	0.662723424	0.456684181	-0.004862209	0.876304559	-0.070492055	0.685588806	0.864112544	0.013474296	0.201996431
LCC1046_0	0.799536132	0.910462402	0.364326099	0.588303914	0.683339034	0.503901417	1.067829774	0.517774569	0.635604459	0.745082885	0.304932596	0.406706467	0.935655505	1.041211222	0.516850857	0.092140662	0.196864578	0.228528561	1.02465327	0.536199582	0.873272682
LCC1046_52	0.766989409	0.384469453	0.250552314	0.250014575	0.355130868	0.544269884	0.591077378	0.366078143	0.212281027	0.411759916	0.280867632	1.14898913	0.723837726	0.500309976	0.25479944	0.741551069	0.168693207	0.509998551	1.119257681	0.564934788	0.798328235
LCC1047_52	0.905291623	0.408829258	0.353268109	0.695496538	-0.151809811	0.005666694	0.299061569	0.375569452	1.031731447	-0.154124665	0.30139873	0.508938468	0.140201704	0.252801091	0.206361336	0.401086143	0.343886307	0.060579253	-0.277058234	0.133740065	0.284245825
LCC1050_0	0.711676751	0.499395424	0.014037746	0.36378108	0.27905071	0.374821992	0.686646275	0.411643334	0.580659105	0.653291318	0.402119487	0.731048042	0.803583396	1.175581868	0.850731233	0.807983741	0.343781898	0.818846031	0.676976822	0.296070061	0.781861185
LCC1050_52	0.757655629	0.836423793	0.647361686	0.549353365	0.094577071	0.438086929	0.986995299	0.559335054	0.887517546	-0.171148601	0.043488821	1.005602763	0.952074956	0.203645147	0.243510958	0.614354788	0.218206851	0.327464194	0.079476084	0.066570009	0.174730712
LCC1051_52	0.598449863	0.490190089	0.322000379	0.22743547	0.409746379	0.549326809	0.885262931	0.763771671	0.678562816	0.915879811	1.026086983	0.773862413	0.86852885	0.752786233	0.700501054	0.689528249	0.675757535	0.43310636	0.616391029	0.591643692	0.899283655
LCC1052_52	0.15760519	-0.216441273	-0.313138233	0.120675653	-0.30859053	-0.109913045	0.357921705	0.315057086	0.410411442	0.563249528	0.144584523	0.938261828	0.750347473	0.604058952	0.16958827	0.614640417	-0.043522226	0.568697391	0.562237713	0.142976945	0.213094236
LCC1053_52	1.111812153	0.611396555	0.513764378	0.658196091	0.655305399	1.021354164	0.69252704	0.51939258	0.655442743	0.583482133	0.937223287	0.855603456	0.740164406	0.727653569	0.897760916	0.959756482	0.604731996	0.632322792	0.76241361	0.751264701	0.840422088
LCC1055_52	0.275213126	0.390708266	-0.112003286	0.170564227	0.529636296	0.397239414	0.407151091	0.435706137	0.42866845	0.612293783	0.288081425	0.337950339	0.423324024	0.218139555	0.213179822	0.469464091	0.386144993	0.084113252	0.60476868	0.473635077	0.679603768
LCC1057_52	0.503200526	0.271645953	-0.058076759	0.304872703	0.295475941	0.232347986	0.344803191	0.534796819	1.063630635	0.515062225	0.518969839	0.407144085	0.36957187	0.468290256	-0.022210595	0.504458696	0.679949826	0.189356648	0.484192666	0.354353937	-0.063110759
LCC1058_52	0.251424868	-0.107513499	-0.441678424	0.039446078	0.240432258	0.549664152	0.001488675	-0.395165084	-0.249972203	-0.165107054	0.283768487	0.802091993	0.551355632	0.518408541	0.144385244	0.754850274	-0.058935443	0.653786942	1.431496525	0.186210441	0.394912223
LCC1059_52	0.78054578	0.770315298	0.18467742	0.788236739	0.631510872	0.724154058	0.747796371	0.452353082	1.022758246	1.324197702	1.039843644	0.658459994	0.67812624	0.800073422	0.52225414	0.351565957	0.231509435	0.469883012	1.052842902	0.995004921	1.080801895
LCC1060_0	0.826452305	0.336173258	0.29324211	0.238605806	0.67263522	0.293596533	0.735566446	0.669855216	0.337060516	0.751975401	0.419179348	0.787606449	0.754163329	0.436830466	0.442322959	0.390984791	0.488150761	0.465770119	0.431770028	0.305187656	0.512570618
LCC1061_52	0.392128789	0.052807461	0.032450931	-0.145356765	0.317459509	0.331752149	0.275071447	0.276999405	-0.195878035	0.030294092	-0.056530256	0.811862406	0.515458781	-0.226787956	-0.196280224	0.198309361	0.136569944	0.129610504	-0.183946496	-0.199734902	1.121941113
LCC1062_0	0.69665302	0.794755378	0.349987848	0.619691426	0.871247957	0.86739077	0.776912865	0.172950081	0.782873825	1.240889221	0.795342628	0.664689099	0.776687389	0.78380673	0.778924285	0.521449364	0.47797248	0.410712275	0.904049577	0.749141456	0.900904816
LCC1062_52	0.38336947	0.696715599	-0.000256256	-0.166486502	0.535051764	0.494011171	0.420148804	0.261448101	0.106701862	0.366913978	0.578267227	0.391157546	-0.131762325	0.520565878	0.475982741	0.227498182	-0.03529114	0.284091053	0.110367127	-0.246074627	0.526954688
LCC1063_0	0.861259589	0.815750043	0.214835099	0.282354634	0.661227831	0.460679603	0.703582401	0.162854524	0.361686885	1.164644995	0.593788927	0.575949647	0.810234339	0.624099405	0.62105152	0.591621333	0.146529275	0.207230918	0.514154195	0.481928346	0.408817372
LCC1064_0	0.36443937	0.260171219	0.069488362	0.427842368	0.589837208	0.565924733	0.733188386	0.527208452	0.464642928	0.769444163	0.488625097	0.788374434	0.607665949	0.398863099	0.386419838	0.324311619	0.065595903	0.304541526	0.392030317	0.476606907	0.592563758
LCC1064_52	0.434819948	0.342220936	-0.159079553	0.218032265	0.279718517	0.603820432	0.288219504	-0.215727924	0.166866662	0.693897631	-0.003239665	0.516562381	0.590051866	0.37526461	0.488459223	0.330720391	0.088617199	-0.024448459	0.692165228	0.70458222	0.200103571
LCC1065_52	0.767599558	0.45941218	0.164390093	0.406411947	0.567940118	0.131089888	0.667770412	0.220617723	0.845992264	0.889539595	0.064410495	-0.015975901	0.736870686	0.436027509	0.331546188	0.296486341	-0.192437748	0.011839872	0.692739576	-0.001739459	0.144859939
LCC1066_52	0.200489178	0.538743933	0.245366468	0.027513184	-0.191743377	0.66827907	0.396054039	0.349238892	0.912736889	0.750588105	0.380100261	0.613126695	0.351190759	0.243422665	0.415501012	0.357720377	0.158359808	0.160671455	0.636135658	0.318861985	0.020543462
LCC1067_52	0.499885074	0.191451987	0.086441813	0.206635268	0.493830755	0.322840543	0.519190759	0.472642612	0.504046923	0.719222239	0.342718225	0.959490205	0.339318591	0.462910907	0.661092765	0.502036808	0.489154469	0.424359472	0.634872188	0.047478514	0.365588875
LCC1068_52	0.403444505	0.285343217	0.255153779	0.260939807	0.438935413	0.397884225	0.066768025	-0.023136504	-0.297552832	0.188243475	-0.04960268	0.453917026	0.367304509	-0.152111347	0.320899278	0.878244648	0.596729881	0.174022195	0.237978892	0.668552767	0.283105369
LCC1069_0	0.977991119	0.576531142	0.254785844	0.90706731	0.82355685	1.113180975	0.758867103	0.53680404	1.137157415	1.151160122	0.838539632	0.727832304	0.971188216	1.056604103	0.395119157	0.560947264	0.104152599	0.692691161	1.210896853	0.634336921	0.617709208
LCC1069_52	0.10388488	0.720075375	0.273063675	0.174506318	0.316114024	-0.064470967	0.392424839	0.206724003	-0.001882864	0.232946907	-0.136635452	0.441393925	0.545759817	0.451642091	-0.103446981	0.311921939	-0.060924964	0.069836208	0.422094964	0.096076603	0.07912727
LCC1070_52	0.997411934	1.073105285	0.332613394	0.798025581	0.986309152	1.004214099	1.003893457	0.469314342	0.751440275	0.906049369	1.091843139	0.500041607	0.652708364	0.774336042	1.01193112	0.507917015	0.662439724	0.47158373	1.563725588	0.749203131	0.921422056
LCC1071_0	0.180011699	-0.36902805	-0.128597871	-0.336695099	-0.421372111	-0.027746775	-0.119509538	0.748299173	-0.782501208	0.120123309	0.236714384	0.02116887	-0.007942067	-0.086281882	-0.221820864	-0.292287092	0.333352202	0.132453772	0.37291768	0.196635129	0.681783493
LCC1071_52	1.005140457	0.916748655	0.523894749	0.829238932	0.846405052	0.621448867	1.370234709	0.886951973	1.124105404	1.110673414	0.989803373	1.183304791	1.12413024	1.006540848	0.907010846	0.90852176	0.93325686	0.856396337	1.567724454	1.120563397	1.357299235
LCC1072_52	0.352524997	0.482870896	0.207032248	0.725638174	0.352798723	0.212462736	0.758431837	0.286656631	0.293176803	0.785085509	0.686892135	0.759577322	0.622909942	0.637719378	0.203801092	0.411301684	0.210157638	0.438129736	0.472883403	0.071957202	0.715868206
LCC1073_0	1.117916453	0.634104201	-0.207903306	0.507104122	0.416933273	0.781035262	0.825789318	-0.007678122	0.421411891	0.857803759	0.947561945	0.144497078	0.374031076	0.412092683	0.865329877	0.106887238	0.007762979	0.421529904	0.136967359	0.276081902	0.640549974
LCC1073_52	1.015586371	0.932670637	0.262408328	0.576001766	1.112491562	0.592941857	0.646703114	0.388290997	0.636129815	0.881923806	0.647589942	0.435247192	0.599187767	0.885429046	0.482536269	0.325866523	0.04731752	0.256349976	0.597853031	0.333240533	0.468894156
LCC1074_0	0.690485476	0.623270097	0.511465314	0.600421981	0.500280974	0.500789326	0.702801667	0.497261874	0.851412791	1.194676829	0.594846221	0.781895394	0.586011538	0.61647907	0.418410325	0.444659293	0.229426586	0.419335727	0.974640367	0.290858879	0.462702925
LCC1074_52	0.593803373	0.579994536	0.366890817	-0.095944059	0.182489923	0.433723551	0.715594449	0.322750898	0.157608651	0.534251765	0.403736435	0.837010995	0.48070334	0.687346075	0.615327304	0.515105271	0.616198659	0.504467023	0.83506691	0.486967531	0.615516484
LCC1075_52	0.486844069	-0.171715096	0.24080483	-0.08954171	-0.029621382	0.513971183	0.469985449	0.268052723	0.059462577	0.42499349	0.318693231	0.323481121	0.220815964	0.421256153	-0.051874638	-0.189761392	0.101696617	0.096823815	0.336392904	0.165518214	0.187301716
LCC1077_52	0.506401038	0.576479338	0.532047903	0.473770874	0.582187656	0.834951903	0.437365681	0.563310127	0.529124038	0.508908784	0.541625118	0.566013659	0.645222316	0.862645664	0.817648443	0.676522105	0.430105336	0.377952515	1.115765708	0.603153128	0.78229427
LCC1079_52	0.197555284	0.197638258	-0.153452999	0.362624474	0.345507794	0.157668124	0.848162681	0.17832951	0.921417613	0.505040385	0.299654814	0.559313347	0.939759695	0.476375377	0.057604639	0.129184581	-0.307680225	0.153104967	0.99043732	0.499332583	0.399837636
LCC1082_52	0.630960494	0.455118574	0.261723671	-0.115398676	0.090177772	0.306856182	0.784646522	0.800965503	0.268767096	0.077686407	0.259294152	0.738198661	0.235389636	0.299642739	0.542033268	0.285805154	0.291392983	0.2324062	0.477959056	0.164333538	0.363300131
LCC1083_52	0.044441868	0.369778228	0.289071179	-0.228919377	0.306399016	0.383993705	0.777745419	0.490651203	0.744917333	0.336053442	0.561995744	0.812425314	0.603053614	0.695526849	0.499081647	0.662263	0.184950483	0.403706497	0.259569794	0.082213612	0.381639487
LCC1084_52	-0.035876101	-0.076422726	-0.249159393	0.103073222	0.204515347	0.419702193	0.750933784	0.221946504	0.334882117	0.351444117	0.307766858	0.753700053	0.523259403	0.619804422	0.292798604	0.556535556	0.275173597	0.50367973	0.671343251	0.521728173	0.707543798
LCC1085_52	0.513020436	0.228648889	-0.070383656	-0.057608333	-0.109332435	0.430161819	0.410514248	0.163724443	0.33577654	0.301680194	0.4361612	1.032326172	0.225895626	0.252655868	0.394885016	0.378771028	0.285179361	0.445925177	1.002793467	0.121335842	0.445175243
LCC1086_0	0.7460204	0.764478465	0.463455739	0.476437819	0.383706269	0.72221848	0.61182836	0.384632801	0.812711192	1.045550516	0.653121882	0.718083513	0.515583284	0.370542044	0.506362638	0.149017482	0.199855534	0.147921189	1.239563246	0.661734036	0.44109148
LCC1086_52	0.720304708	0.729902497	0.45594583	0.464691845	0.391726156	0.67756623	0.631741746	0.483181491	0.615270986	1.001304193	0.380936768	0.995428056	1.050612915	0.492393108	0.926762748	0.8765011	0.860227135	0.407542332	0.786379911	0.696173222	0.361002895
LCC1087_52	0.47613853	0.887836467	0.843693562	0.450230105	0.472657629	-0.016172027	0.915064023	0.921539295	1.227772306	0.907638105	0.67995302	1.543868526	1.056098837	0.826121158	0.317420176	1.156289345	0.300572063	0.766798648	1.07844429	0.687609115	0.371452376
LCC1088_0	0.376824234	-0.072692767	-0.044309957	-0.343780785	-0.42489573	-0.202489602	0.232185872	0.340825453	0.055164506	0.151006561	-0.065156719	0.453526678	0.475567052	0.315468854	0.897341528	0.108936019	0.351580607	-0.011222063	1.053037637	0.239119903	0.116872845
LCC1088_52	0.419345343	-0.385066297	-0.338814759	-0.327827062	0.004173255	-0.04628956	-0.386110749	-0.413215934	-0.253896742	-0.08082347	0.040874509	0.781945409	0.429211107	0.102015172	0.475954202	0.530576534	0.253150716	0.253108458	0.395574723	0.328170364	0.176765391
LCC1089_0	1.003929216	0.889400722	0.314857431	0.733016262	0.615788442	0.601452525	1.302182889	0.523943976	0.895334674	0.933743139	0.828346692	0.842722723	1.065228318	1.136559578	0.869864859	0.408678562	0.288545842	0.466233371	1.188269724	1.048178465	1.39476751
LCC1090_52	0.510402419	0.590881127	0.264572163	0.439390462	0.632543557	0.448256165	0.701615318	0.680055305	0.690557084	0.738819126	0.890175948	0.682096207	0.947870739	0.613524066	0.565480335	0.69236677	0.508937268	0.495008085	0.902172013	0.696926271	1.1735576
LCC1091_52	0.010500825	0.28087801	-0.03160183	0.121205981	0.071765534	0.140276985	0.433026302	0.048175907	0.471493288	0.140470085	0.272139415	0.492404032	0.726966899	0.292452773	0.178645849	0.174878637	-0.121422329	0.400074377	0.564036094	0.200156247	0.094828039
LCC1092_0	0.648147826	0.422071606	-0.027362621	0.401750143	0.358869625	0.64533376	0.444983693	0.094836573	0.57772981	0.619287533	0.404076946	0.744600016	0.743061203	0.577826115	0.094094197	0.316929457	-0.472280674	0.328032215	0.964257246	0.434444077	0.305305932
LCC1092_52	0.167664643	-0.23699212	-0.538392736	-0.191992479	0.448290034	1.208472586	0.161685445	0.311456055	0.394997966	0.241705443	0.145105419	0.748296886	0.579262732	0.110190887	-0.049786327	1.074005251	-0.40335884	-0.04699944	0.147966692	-0.107355818	0.693754476
LCC1094_0	0.708563967	0.373308355	0.266895763	0.133217362	0.184979317	0.410176577	0.401075615	0.440049999	0.005805358	0.072060973	0.550127473	0.351233896	0.255565938	0.435850597	-0.077802477	-0.022747164	0.222434664	-0.004170691	0.725850133	-0.030578664	-0.167312843
LCC1095_52	0.100401194	0.442222136	0.008857773	0.135936334	0.369485625	0.248407948	0.830773292	0.630134782	0.756891143	0.850941304	0.510091206	0.904246764	1.04947958	1.014842495	1.000302916	0.923580369	0.990069863	0.701257058	0.668545908	0.732970467	0.680153726
LCC1096_52	0.595584108	0.543031385	0.241632043	0.435205776	0.422083586	0.332718507	1.198966387	0.758349769	1.154007983	1.211110639	0.558927288	0.886988802	0.919040893	1.00444963	0.479293957	0.600244292	0.186639509	0.686107642	1.519219318	0.758292942	0.775275208
LCC1097_52	0.799713626	0.786761032	0.655459576	0.774980389	0.61170987	0.405243251	1.795859284	1.121090095	1.343821716	1.486629858	1.243762298	1.222279175	1.441899906	1.420508466	1.092770385	1.652687705	0.700384789	1.186751303	1.528615851	0.921458342	1.091032331
LCC1099_0	0.31108443	0.359366156	0.371940723	0.611248564	0.661116035	0.486237956	0.219341597	0.262991673	-0.004094912	0.33353137	-0.109957555	0.400515507	0.288349025	0.171847968	0.256034975	0.388964164	0.118677196	0.398094741	0.430730117	0.473148812	0.391973338
LCC1099_52	0.804556004	0.868718418	0.274778794	0.357830355	0.595256381	1.038212155	0.960334493	0.581241557	0.287183237	0.635229738	0.749988245	0.877016946	0.392680307	0.622356663	1.05910991	0.164231648	0.475287278	0.372018662	0.971248258	0.559608721	0.86918301
LCC1100_52	0.393849384	0.415712923	0.190405963	0.333413581	0.505126024	0.460974007	0.670013584	0.410232034	0.724431555	0.742574585	0.860753986	1.032574682	1.255456808	1.170041472	0.84180503	0.63090521	0.52080435	0.695035486	1.147971967	0.644589763	0.810293859
LCC1101_52	0.645016556	0.06675481	-0.250328874	0.07453327	-0.267968868	0.57085657	0.493006307	0.264506301	0.54486305	0.260733678	0.465310947	0.526817896	0.536099197	0.418422054	0.486096875	0.748976842	-0.024949492	0.616963363	0.682078329	0.152934165	-0.051245826
LCC1102_52	0.313149499	0.58778264	0.308692628	0.569604971	0.459847044	0.916527639	0.546725169	0.258428415	0.290135867	0.859839489	0.810214675	0.706520554	0.613728749	0.370637928	0.64640307	0.899450856	0.220312385	0.23957562	0.669199645	0.436148113	0.788254466
LCC1103_52	0.343285009	0.353811499	0.272363547	0.305637528	0.267796087	0.436615714	0.523602503	0.082779484	0.447614158	0.865713374	0.663651301	0.248605761	0.636766751	0.641157909	0.575743054	-0.029210477	0.078123619	0.129117312	0.784871012	0.401931669	0.554975694
LCC1104_0	0.621960527	0.546899721	0.589222527	0.330986215	0.163346995	0.552638746	0.658366003	0.536996506	0.556297005	0.300044025	0.550193904	0.369280172	0.485407569	0.062131504	0.400227304	0.11893834	0.235117001	0.08071866	0.088240821	0.709165752	0.025418233
LCC1104_52	0.591671784	0.387394193	-0.124473445	0.407088592	0.325156386	0.560676276	0.804346825	0.128552671	0.581444329	0.72010304	0.972354858	0.669942423	1.01269505	0.74470271	0.746857672	0.677226315	0.135851051	0.335183254	0.871462925	0.595247773	0.855659706
LCC1105_52	0.526962679	0.661925958	-0.000837056	0.259809998	0.476818373	0.361837111	0.374841566	0.105655756	0.244571413	0.565686524	0.209209563	0.466390757	0.497838694	0.276258288	0.477257255	0.307341835	0.154022264	-0.302719606	0.587915045	0.421826989	0.099507331
LCC1106_52	0.527487048	0.55156758	0.217527712	0.464859672	0.451565851	0.903493859	0.552384374	0.231905931	0.083102865	0.434144025	0.301094456	0.653765166	0.625609827	0.778351972	0.614109723	0.408438696	0.253165594	0.445020032	0.512137423	0.584977406	0.581754656
LCC1109_52	-0.28625771	-0.071146034	-0.061460703	-0.398732582	-0.480794282	-0.120188687	0.244001696	0.21794266	0.367735005	0.667164441	0.631626329	1.060274008	0.533455457	0.514945127	0.222259198	0.800454051	0.432884909	0.473282741	0.940625773	0.472266069	0.475111009
LCC1110_52	0.894026738	0.789209316	0.484294717	0.862469972	0.89510398	1.015207164	0.805256935	0.209035819	1.178365187	1.232147285	1.275792467	0.927606177	0.779251772	0.874859045	0.743148307	0.319397124	0.244959444	0.340350376	1.471049437	1.251695627	1.328750401
LCC1113_52	0.162364911	0.476950827	0.1351824	0.247069879	0.417349279	0.688982998	0.593003947	0.324331327	0.364008502	0.205944932	0.431622557	0.386563171	0.425212328	0.526699584	0.664651528	0.644442671	0.21702483	0.389663806	1.097461637	0.584475991	0.759186849
LCC1114_0	1.057485805	0.607279374	0.379613021	0.840830595	1.008663223	0.990828003	0.383932484	0.436100004	0.75492851	1.347067076	0.660512402	0.02498812	0.573696361	0.434128197	0.643284836	0.40973436	-0.018453506	0.335389543	0.789675109	0.490922563	0.686367263
LCC1114_52	0.698979164	0.476497848	-0.001211315	0.076539504	0.327761929	0.718684593	0.657380839	0.3994136	0.277729874	0.49586755	0.676958839	0.690636972	0.55752371	0.411231824	0.643220524	0.862138601	0.141983718	0.471515964	0.531284454	0.094079037	0.342709583
LCC1115_0	0.519997181	1.037559371	0.68718085	0.794970819	0.233796699	0.310509159	0.606144686	0.563243474	0.431354051	0.447121121	0.470082855	0.686510817	0.503699368	0.085871894	0.261220652	0.724093717	0.19330968	0.304982664	0.810067841	0.382103556	0.464624389
LCC1115_52	0.370743325	0.342648026	0.438367494	0.171819888	0.028538962	0.607924393	0.606175298	1.00282863	0.630714536	0.618255313	0.533826542	0.637313543	0.471348882	0.434039789	0.706895721	0.734245532	0.548366934	0.529405323	0.83506976	0.586363906	0.500417181
LCC1116_52	0.761256308	0.657407205	-0.187187167	-0.059782873	0.270941038	0.265756156	0.752193136	0.039116026	0.227597717	0.350841325	0.343669994	0.380908779	0.603706866	0.651104582	0.357941797	0.792549723	0.222066241	0.354162471	0.499213462	0.128979046	0.388417126
LCC1117_0	1.376072425	0.76335371	-0.005496867	0.508685605	0.885884816	0.888353119	0.943544744	-0.100982951	0.43784571	0.812550382	1.006268376	0.194762256	0.528127633	0.775859966	0.805364005	0.431202816	-0.016446734	0.193711457	0.945359796	0.377416145	0.893475012
LCC1117_52	0.59949615	0.653555048	-0.161970983	0.584748049	0.461397749	0.409663216	0.492624756	0.008344094	0.474799645	0.361522756	0.371185974	0.453597864	0.708520127	0.78756696	0.583299248	0.334860239	0.11125698	0.289240998	0.874081917	0.499119146	0.780479597
LCC1118_52	0.637261872	0.530705723	0.373219883	0.226405453	0.383005246	0.400079532	0.531873946	0.311914639	0.411395818	0.473724439	0.475529919	1.271447636	0.286416707	0.177118828	0.745063233	0.03066264	0.374360837	-0.184079421	0.873561007	0.7513455	0.553895199
LCC1119_0	0.719062304	0.458690433	0.151749994	0.021089137	0.110597533	0.608869718	0.718652368	0.114105757	0.054238958	0.068555399	0.873168288	0.258172781	0.541034459	0.497062196	0.62724971	0.465152157	-0.009956468	0.456889193	0.513005133	0.091313156	0.211686581
LCC1119_52	0.194139517	0.309733386	-0.023690948	0.042799438	0.429454146	0.199584564	0.892470495	0.669788553	0.475436413	0.440982193	0.279922585	0.687697217	0.487615773	0.530498681	0.491296443	0.70503659	0.103995283	0.224185992	0.630580518	-0.164825797	0.223345221
LCC1120_0	0.237081502	0.057325754	-0.220484451	0.340439797	0.300274914	0.780023676	0.485403994	0.09812567	0.612916997	0.873171811	0.290085771	0.792307997	0.30033275	0.366291385	-0.028955345	-0.145526912	-0.254360076	0.049784883	1.194990326	0.631180674	0.530301574
LCC1120_52	0.393929711	0.564356628	0.279618462	0.198926852	0.173010515	0.456358158	0.358881319	0.199815342	0.096769333	0.002897148	0.038056052	0.890744777	0.625497559	0.446509677	0.432904476	0.64218277	0.08809998	0.264726235	0.726333784	0.250539032	0.401510785
LCC1122_0	0.443829132	0.081300186	-0.236403061	0.069666437	0.000533211	0.873721564	0.409647495	0.173573126	0.620105297	0.636762581	0.439978607	0.332619771	0.600671273	0.68635459	0.139863741	0.358612252	-0.241793994	0.168914081	0.790447003	0.082422628	0.127494956
LCC1122_52	0.934867195	0.688192889	0.220947153	0.694566902	1.109708219	1.05094356	0.793489693	0.291475724	1.181015444	1.383729888	0.952565386	0.483892996	1.138360349	0.705364691	0.856582196	0.608039245	0.698773514	0.363894785	0.971507479	1.004691374	1.235205241
LCC1123_0	0.656955493	0.595168895	0.57797941	0.186354475	0.603183831	0.755584857	0.819993903	0.441521182	0.466865332	0.677929605	0.206433878	0.428108043	0.590127412	0.451034501	0.041654801	0.041163495	0.338386611	0.677457217	0.470245596	-0.166605518	0.451356073
LCC1123_52	0.66042982	0.516229147	0.19342783	0.746793249	0.564422629	0.879546436	0.936766599	0.731197352	0.995888974	0.579024276	0.797763894	0.723585338	0.997442645	0.80786397	0.666390185	0.501856716	0.510576341	0.649786951	0.704925148	1.140061344	0.773880027
LCC1124_52	0.431377826	0.331083128	0.128020601	0.507960929	0.600436449	0.625509471	0.790295937	0.376046933	0.697935826	1.147960108	0.873128403	0.809073713	0.53197525	0.705723997	0.716367113	0.190025193	0.276860716	0.278806799	1.05585296	0.795825153	0.938915285
LCC1125_0	0.614244731	0.393756107	0.097367581	0.407523938	0.228762155	0.159963558	0.331358279	0.00454174	0.535189812	0.473756842	0.373647556	0.468293375	0.495508542	0.027572831	0.531949317	-0.091529917	0.516494753	-0.299716226	0.862701714	0.302737161	0.135928083
LCC1125_52	0.45363246	0.35094081	0.235632914	0.091341058	0.103324471	0.547431874	0.626967631	0.447894396	0.36763022	0.429516364	0.273307086	0.874332047	0.056888507	0.251484916	0.32462767	0.039672986	0.291070507	0.185191074	0.458103029	-0.325329036	0.11929655
LCC1128_52	0.240535402	-0.05034022	0.027126914	-0.271443717	-0.400911148	0.016438821	0.257820665	0.153061648	0.422009013	0.377951395	-0.008314291	0.761011476	0.420810059	0.40560558	0.248093856	0.258466657	0.228339973	0.213570967	0.849570704	0.160600594	-0.008083186
LCC1129_0	0.346525924	0.554716712	0.325178022	0.18443824	0.164140751	0.310637493	0.354061803	0.133522081	0.105043047	0.635217907	0.79893303	0.572106955	0.589875103	0.297296039	0.167604139	0.150757283	0.003889029	0.201691775	0.446541991	0.123518269	0.36563592
LCC1129_52	0.425835347	0.276733851	0.426659257	0.277741454	0.374127347	0.667174989	0.466322631	0.519771903	0.355493648	0.711619232	0.449153969	0.72692037	0.676426612	0.670469014	0.816950237	0.78210635	0.615803119	0.862755475	0.886155919	0.588145077	0.778467466
LCC1130_52	0.052100923	-0.300435502	-0.001420889	-0.032996972	0.225983142	0.209528264	0.074640832	0.691685804	0.524493934	0.032336043	-0.208648381	0.386365298	-0.053064928	0.464302257	-0.030120677	0.358823202	-0.33007635	0.18579247	0.025860505	0.20734359	0.409537283
LCC1131_52	0.680593723	0.528726091	0.377185625	0.648519388	0.612266977	0.651211771	0.706156618	0.294337904	0.586455178	0.821040878	0.619833505	0.873670014	0.808204943	0.513951959	0.22850644	0.605158682	-0.095877111	0.098432709	0.877947752	0.357913746	0.57646039
LCC1132_52	-0.136359171	0.308529538	0.002069102	0.448848341	0.237694125	0.720257616	0.128045257	0.305414876	-0.065450362	0.381014489	-0.07006155	0.967707533	-0.136897163	0.734724732	0.126017583	-0.358472548	0.08082705	1.029747405	-0.153954722	-0.00709542	0.403136791
LCC1133_0	0.36097748	0.359348791	0.229620426	0.578728881	0.286280068	0.575916177	0.449272929	0.120771859	0.557351178	-0.103957987	0.588222948	0.787511465	0.654523166	0.62673221	0.941110113	0.465884386	0.542504426	0.762813451	0.43098359	0.777891234	0.527625823
LCC1134_52	0.551562838	0.688398469	0.130530969	0.67485668	0.468733888	0.484244311	0.37960881	0.226945441	0.543679634	0.776452237	0.709299506	0.579564386	1.25810946	0.282524902	0.448545059	0.501058025	0.299028642	0.067798837	0.445315714	0.65393383	0.623893236
LCC1135_0	0.115510582	0.466672861	0.01005261	-0.057457606	0.497071764	0.188454403	0.152900647	0.34764221	0.478296562	-0.032653684	0.175743258	0.379035713	0.221591351	0.568222837	0.443668829	0.588222773	0.425175097	-0.242043716	-0.023885457	0.544241333	0.333791155
LCC1135_52	0.437934917	0.527895597	-0.054475252	-0.192853169	0.23373186	0.819933236	1.036533828	0.609512512	0.496454076	1.024546633	0.453565021	0.920388572	0.421896197	0.770098363	0.53416989	0.651841482	0.247782883	0.597156601	0.749726456	-0.043624195	0.289214036
LCC1136_0	0.605553231	0.482984063	-0.05532883	0.520725966	0.326492901	0.291544225	0.499590263	0.317798799	0.45559653	0.190487872	0.263357977	0.519546045	0.822439902	0.527534453	0.031396077	0.339575716	-0.133799113	0.286528383	0.519410874	0.134257153	-0.08455229
LCC1136_52	0.648448895	0.302666861	0.143254227	0.187671269	0.670998371	0.876849028	0.369542529	0.315620759	-0.063547309	0.41074078	0.259370961	0.833745081	0.52846076	0.524108054	0.281574502	0.23475659	0.11816856	0.48757357	0.290008254	0.440448423	0.620787843
LCC1137_52	0.629740664	0.454554212	-0.062582799	0.465363296	0.279405048	0.329261466	1.039988333	0.130627011	0.598888482	0.562990364	0.332370662	0.498662953	0.673253748	0.72608628	0.33170623	0.128194557	-0.087458881	0.363224874	0.821075464	0.505128448	0.33186234
LCC1138_52	0.376399011	-0.059508732	0.088221406	-0.052940377	-0.385490149	0.346902204	0.343206525	0.568931337	0.513453718	0.231010839	0.441814429	0.8973144	0.886274737	0.765349253	0.205497686	0.831690488	0.056233546	0.361079895	0.562911614	0.340937839	0.124726999
LCC1139_52	0.952724536	0.515106935	0.228209664	0.266529672	0.723065533	0.547360026	1.087802197	0.494674659	0.560848098	0.79527184	0.625967976	0.66194281	0.808430347	0.63994588	0.531516185	1.141984605	0.344715951	0.418176625	0.752046021	0.502224006	0.671288005
LCC1140_0	0.306054001	-0.023485466	-0.398910807	-0.291365315	0.201503558	0.210704898	0.420404985	0.244587149	0.460665763	0.783857542	0.735340545	0.674364605	0.915998414	0.156103785	0.489425656	0.532260792	0.161941599	0.011062881	0.358040244	0.420895323	0.394467513
LCC1140_52	0.92483457	0.267160913	0.099868746	0.588495924	0.931993695	1.082682373	0.253540562	0.238291222	0.852321484	1.029975911	0.950389483	0.016536241	0.364934482	0.338731005	0.335553704	0.12899609	0.167971774	0.038281109	0.917983935	0.825724191	0.998363654
LCC1142_0	0.953048202	0.727080019	0.379955394	0.450790768	0.673854143	0.809569036	0.410750516	0.457804522	0.154153662	0.498295181	0.5694188	0.237206266	0.464807329	0.431640619	0.619435465	-0.0165975	0.32685326	0.161835839	0.992311575	0.538608686	0.574225034
LCC1142_52	0.421868268	0.607971678	0.370634635	0.198156151	0.377945826	0.394717277	0.568683727	0.176287696	0.318605446	0.244576893	0.220111934	0.484963705	0.204152743	0.476881428	0.24010762	0.390367303	-0.054924572	0.2187578	-0.071073698	-0.000893421	0.625522412
LCC1143_0	0.475040912	0.423358499	-0.436271167	0.394875914	0.21663308	0.12953363	0.059680476	0.073379891	0.417835457	0.833342365	0.413358166	-0.216431413	0.274146423	0.023379723	-0.112035618	-0.017958293	-0.015172703	0.268279248	0.499696961	0.067029996	0.312092538
LCC1143_52	0.081610877	0.29246884	0.184654456	0.415768705	0.21047226	0.510907283	0.155463384	0.325839787	0.159674875	0.253051841	0.178240904	0.603631455	0.570552362	0.316743151	0.252706405	0.562471766	0.27245691	0.38325327	0.682418412	0.879265979	0.769713335
LCC1144_0	1.138274152	0.681586512	0.425575407	0.455014167	0.789402874	1.331469311	0.963360789	0.669915371	0.759033434	0.75935866	1.159753395	1.262142363	1.232711331	0.770020547	0.836241284	1.217711269	0.429841259	0.423890371	0.845958066	0.572512087	0.935952011
LCC1144_52	0.519240519	0.59552218	0.084364498	0.339778294	0.397590739	0.793415357	0.637888631	0.544958672	0.560988617	1.303485595	0.502924209	1.005020223	0.871368386	0.445930459	0.435267686	0.757350015	0.169524103	0.412426519	0.519045358	0.461432556	0.395655042
LCC1145_52	0.635027386	0.598190285	0.044073135	0.094000397	0.101727562	0.108478248	0.529519713	0.10453433	0.26967932	0.597255284	0.333338642	0.243147561	0.496534435	0.212872371	0.204010719	0.286575581	0.371664233	0.242758248	0.414281901	0.241651009	0.94846125
LCC1146_52	0.002015283	0.374740868	0.150480398	0.429139708	0.135659346	0.474091305	0.323575439	0.323850286	0.15530936	0.109334441	-0.052065454	0.13139228	0.493088707	0.235980759	0.278464667	0.567706665	0.193668003	0.126155061	0.474928613	0.769256772	0.297545045
LCC1147_0	-0.12900488	0.54253268	0.353955812	0.090713484	-0.133167938	0.106451524	0.049317461	-0.136997138	0.0919153	1.078503356	0.808623406	0.741642773	0.517673218	0.020653683	0.312456317	0.65768439	0.013027649	-0.125007891	0.038249919	0.032669343	0.853164694
LCC1147_52	-0.336689619	0.362881527	0.307609651	0.140696042	0.02306439	0.251113484	0.398127234	0.419698471	0.397347814	0.461230693	0.442562104	0.857757021	0.861318912	0.442987216	0.564864442	0.661205234	0.399677702	0.281758305	0.672145331	0.540260276	0.53100462
LCC1148_0	0.879995327	0.363662342	-0.108747966	0.180751125	0.410747261	0.952532624	0.384537636	0.147196085	0.399026605	0.755851169	0.826815348	0.807566071	0.776871654	0.87165673	0.505426741	0.59999384	0.115754989	0.556199583	0.779034039	0.317545934	0.584008687
LCC1148_52	0.454914279	0.665666529	-0.067295647	0.11980161	0.441249032	-0.009603471	0.648692125	0.468558789	0.449813959	0.623903831	0.271804846	0.418646452	0.211209179	0.47140312	0.130969788	0.37838455	0.217310213	0.395818709	0.866571927	0.235854366	0.208738363
LCC1150_0	0.428360964	0.208166772	-0.286675237	-0.206628595	0.128999834	0.3601128	0.198736775	0.203662559	0.101322791	0.61470335	0.617289031	0.356854808	0.593599281	-0.072691152	0.326130937	0.424014062	0.142397499	-0.129811831	0.45829678	0.114708014	0.350076314
LCC1151_0	1.166632541	0.52209109	0.246620368	0.756452893	0.450559107	0.303586836	0.681615628	0.265549961	0.906764472	0.654262058	0.421186044	0.8883858	0.922038092	0.443872312	0.257914663	0.441564759	-0.301896377	0.281361423	0.619301013	0.391510931	0.307373264
LCC1151_52	0.891546912	0.459694026	-0.107287476	0.533664759	0.661088727	0.382193162	0.453412036	-0.020026243	0.323474665	0.802031951	0.351167941	0.31937274	0.389033062	0.360303496	0.445768277	-0.095083083	-0.036363632	0.027773187	0.795621815	0.399723136	0.388056941
LCC1152_0	0.727933869	0.265133633	0.091810092	0.448743064	0.700078533	0.640398225	0.530337351	0.251812921	0.699223985	0.717970976	0.700129864	0.906390464	0.624471561	0.232328081	0.411462433	0.418193517	0.153536308	0.111516773	0.590878769	0.306041491	0.491494388
LCC1152_52	0.462642369	0.241272851	0.03018848	-0.107602304	0.292968144	0.433641055	0.196292849	-0.030380237	0.246591722	0.720109585	0.408387074	0.545609644	-0.089080304	0.256173244	0.258821384	-0.193127041	0.175215419	0.185499219	0.360641419	-0.014915332	0.555718536
LCC1153_52	0.537698482	0.492476234	0.239426145	0.521443811	0.625526008	0.367663795	0.968205744	0.781856758	0.783547606	0.80326381	0.623579876	0.9651191	1.186916186	0.830401677	0.737148685	1.034968846	0.671180881	0.67130827	1.124223755	0.837579052	0.852622119
LCC1154_52	0.730547059	0.602483564	0.099526209	0.181998809	0.42453843	0.500384149	1.137346394	0.489377048	0.773787421	0.968683485	0.92853831	0.584037476	0.717281309	0.839606322	0.971636631	0.816734307	0.535641166	0.642653419	1.295105754	0.730378947	0.770861224
LCC1155_0	0.604203208	0.606705561	0.478243778	0.340510828	0.456015232	0.323813573	0.334102275	0.292069235	0.69021965	0.440154033	0.48530124	1.295948659	0.285284937	0.398605416	-0.015609388	0.230192564	-0.016438456	0.237179131	0.807849696	0.573137242	0.274511775
LCC1156_0	0.650593937	1.166669933	0.669233832	0.912099596	1.077897595	0.857083987	0.484846229	0.272704134	0.499135728	0.876933012	1.078427532	0.569607453	0.647986606	0.73056192	0.57969991	0.830032285	0.550469716	0.657155663	1.308951845	0.641144663	1.082385145
LCC1156_52	0.428417569	-0.054068306	0.695094605	-0.328688886	0.124985029	0.549641407	0.585603173	0.661531481	0.473638296	0.795037588	0.529630022	0.329752703	0.780273582	0.882957246	0.171958776	0.090338893	0.539453119	0.402308995	0.764413127	0.268691094	0.230138955
LCC1157_52	0.159440117	-0.099786132	-0.3531606	0.082145911	0.249481342	0.643941334	0.010898468	0.39909135	0.046617917	0.880972612	0.337093863	0.403411471	0.449778837	0.052091854	-0.193385608	0.062147006	-0.192970222	0.366147178	0.208358527	0.003332145	0.527728614
LCC1159_0	0.490567777	0.318757705	0.171219742	0.118728491	0.26852412	0.466808473	0.739744266	0.536538573	0.413822255	0.881562797	0.34983633	0.669286804	0.498954461	0.669426861	0.356635116	0.794355332	0.105472918	0.947098495	0.909548982	-0.028328328	0.215027727
LCC1159_52	0.513805636	-0.002882515	-0.164722981	-0.259721482	-0.161797775	-0.308328324	0.440216366	0.68247842	0.221874411	0.309788668	0.20523751	0.548853338	0.113598633	0.438831485	0.191710289	0.392315556	0.482201935	0.438823575	0.401104428	0.532600675	0.167817716
LCC2001_52	0.495071614	0.023732782	-0.384445118	-0.182272837	-0.737397983	0.702359948	0.621810064	0.117194693	0.08660601	0.010696079	0.282730607	0.295827716	0.523078228	0.216349435	0.256163696	0.351960102	-0.174404746	0.620571418	0.557123187	0.223910684	-0.283351029
LCC2002_52	0.416356095	0.321456328	0.195210673	0.287598906	0.286322978	0.512779981	0.936531024	0.425338417	0.636560995	0.574253303	0.299135831	0.735628068	1.301769255	0.637552772	0.227063594	0.751233968	0.370921598	0.639791999	0.622324413	0.365963748	0.608217529
LCC2004_52	0.740225669	0.438670523	0.06265647	0.583558601	0.664018644	0.491198823	0.601091896	0.319032322	0.711227768	0.628591707	0.198659087	0.33752661	0.577546965	0.415904691	0.281448562	0.394851734	-0.184866671	0.126615247	0.740943258	0.466440673	0.542110103
LCC2005_52	0.64678815	0.220378057	0.631327922	0.360028353	0.580582745	0.122492454	0.652996995	0.974460133	0.864790791	0.746899313	0.035227869	0.845578994	1.3787041	0.672840251	0.139136199	1.18521122	-0.138185288	0.861577398	0.812036457	0.127073927	-0.029296265
LCC2006_52	0.789951483	-0.118197139	-0.33044349	0.86622203	0.425365642	0.210539684	-0.261821787	-0.015910403	0.731780665	1.071262063	0.547157508	-0.233878395	-0.227864636	-0.229839925	-0.059052267	0.145858081	0.296475965	0.195933356	0.792556879	0.459207897	0.626074518
LCC2007_0	-0.116548172	0.061070639	-0.108165196	0.237624564	0.219499826	0.358809732	0.305119972	0.433485084	-0.086998201	-0.107232869	-0.341686455	0.806675349	0.839709225	0.642155915	0.543134913	0.440359909	0.352907444	0.562789018	1.123481524	0.890189	0.914747053
LCC2008_52	0.546873067	0.618448081	0.165416115	0.248873047	0.334804821	0.553662583	0.466738257	0.84077807	0.727950849	0.427354881	0.713517909	0.339769803	0.455784858	0.276820839	0.49148475	0.829850686	0.531296835	0.308415602	0.312631264	0.603598887	0.635093266
LCC2010_52	0.08038971	0.321145863	0.218422313	0.350314318	0.585575287	0.749278525	0.648758363	0.703962588	0.29919087	0.579018703	0.036722014	0.79579902	0.458047137	0.826021486	0.325995365	0.372438415	0.190181265	0.637676327	0.392871787	0.414629393	0.570507281
LCC2012_0	0.451489718	0.604213299	0.213221344	0.155092069	0.535609585	0.144889749	0.506226286	0.306270624	0.311395101	1.125441946	0.837608337	0.660055422	0.556401935	0.481889376	0.045491272	0.478990057	0.056339821	0.387214905	0.371581371	-0.013541647	0.88327389
LCC2013_52	0.355192893	0.530651476	0.342584497	0.677004409	0.999045044	1.272770503	0.783827697	0.422187579	0.718651196	0.442236658	0.268816421	0.828141829	1.304031774	0.55082356	0.512329533	0.713594682	0.39745051	0.560289701	0.624474049	0.605603288	0.993646633
LCC2014_52	0.356366306	0.407441226	-0.126770697	0.230169673	0.036400067	0.050618291	0.197348811	0.149230414	0.413181508	0.601385294	0.51872269	0.454136464	0.722723869	0.346388301	0.392683018	0.445169911	0.380197576	0.30494346	0.40434024	0.830635643	0.4927939
LCC2015_0	0.550003643	0.203884643	0.594565008	0.484886419	0.54282832	0.519408525	0.588282433	0.844281107	0.881634903	0.764328106	0.628171507	0.577730204	0.223816062	0.391293181	0.481969799	0.613210696	0.513859121	0.864041525	1.127989095	0.377025114	0.526375444
LCC2015_52	0.645021015	-0.066217619	0.102838764	0.167229108	0.262613221	0.270234692	0.174571701	0.388677629	0.483520452	0.536643046	0.460499151	0.560252601	0.826934261	0.39347174	0.163629893	0.521071677	-0.106253293	0.19167765	0.612681031	0.502786007	0.671555541
LCC2018_0	-0.086415817	0.134455229	-0.034241202	0.052379954	0.261859574	0.027632177	-0.046924338	-0.124561461	0.110049839	-0.048158823	-0.439672118	0.84700071	0.339333163	0.489945802	0.372498307	0.183199241	0.493752816	0.480159296	0.31087787	0.006091724	0.000133548
LCC2020_52	0.515986874	0.543424784	0.224663122	0.504028118	0.459297846	0.866410875	0.66366604	0.524217155	0.754311132	0.878995571	0.566485997	0.794456563	0.914915039	0.749462433	0.43546653	0.718424487	0.16210679	0.568474416	0.879369656	0.675831713	0.564126747
LCC2021_52	0.435805417	0.253846545	0.206479934	0.236187656	0.276827781	0.348528583	0.255166618	0.028956645	0.180502185	0.412905489	-0.022921867	0.875680114	1.184147773	0.355610775	0.21006287	0.739378995	0.094507543	0.061077299	0.554354987	0.066198016	-0.201070159
LCC2022_52	0.558260179	0.576072482	0.290974894	0.665097167	0.494029173	0.580590754	0.70038186	0.478394428	0.48312102	0.201144221	0.263707706	0.758042526	1.040191652	0.144783805	0.133251674	0.554450305	-0.015312264	0.167927763	0.309949615	0.310358174	0.540695251
LCC2023_52	1.045358872	0.356338576	-0.021660397	0.143946129	0.436804823	0.421994227	0.305977854	-0.202013977	0.020300211	0.461317982	0.265809225	-0.094321514	-0.058946516	0.272099305	0.293809311	0.716218921	0.476903752	0.211986704	0.360993783	0.563240579	0.299107664
LCC2024_52	0.546331497	0.310904671	-0.147744034	0.023082412	-0.024188974	-0.138416092	0.025303453	0.175660755	-0.038374198	-0.185266512	-0.230367801	0.356078468	0.940087845	0.131547548	0.46703006	0.525759231	0.287242047	0.36265691	0.14121706	0.524956353	0.007108689
LCC2025_52	0.797174765	0.805049398	0.615409391	0.858599185	0.558777412	0.99453162	0.843084243	0.919081333	0.620343416	0.459737851	0.727835823	0.668345359	0.779431001	0.305746202	0.737637577	0.744247167	0.562639007	0.626586703	0.718967206	0.967981373	0.577049945
LCC2026_52	0.91948294	0.204875487	0.076461744	0.381786064	0.721500894	0.411766194	0.233262502	0.017431708	0.391079245	0.471466869	0.173828242	0.745154441	0.230238983	0.460669178	0.480250779	0.013059918	0.407747573	0.271562663	0.345577253	0.465925884	0.768730444
LCC2029_52	0.90724269	1.075817508	0.153348748	0.346949011	0.484757469	0.398556817	0.88570634	0.310071343	0.504295643	0.647212661	0.529544848	0.628618144	0.93005949	0.667117859	0.462054084	0.941959875	0.131855294	0.138529722	0.297697812	0.306252191	0.787944163
LCC2030_52	0.139854302	0.219935961	0.207048481	-0.050594005	0.165874178	0.372097139	-0.105318562	0.129623572	-0.085215654	0.398838533	-0.034872422	0.415823861	0.409317291	-0.178885598	0.505937753	0.290416426	0.17946904	0.167371553	0.159341567	0.507388319	0.085188236
LCC2031_52	0.520208825	0.858606567	0.212209903	0.845789823	0.629360966	0.830270748	0.145930952	0.158064806	0.32818782	0.395738431	0.401508428	0.372595671	0.735484749	0.749946358	0.498705165	0.051376552	-0.029827705	0.5980711	0.498282016	0.782135294	0.318714553
LCC2032_52	0.582424354	0.532892152	-0.278447664	0.160027401	0.532456036	0.794655303	0.573932606	0.333721804	0.24974467	0.2278456	0.334247262	0.237816337	0.796560094	0.660308094	0.661843612	0.396076763	-0.111155923	-0.014892737	0.612556737	0.499239319	0.499598828
LCC2033_0	0.2304564	-0.35689166	0.404029058	0.446460234	0.397942243	0.162294678	-0.158507967	0.406155698	0.351582892	0.384314076	0.240610453	-0.092010029	-0.179685294	0.065173344	-0.022392719	0.591892615	-0.180225854	0.372893413	0.664890589	0.16513928	0.017077634
LCC2033_52	0.25451348	0.327844327	-0.003700688	1.046405112	0.367885613	0.506390751	0.553888293	0.219034029	0.011947447	0.301496417	0.131171743	0.390187429	0.130845882	0.446257075	-0.18243634	-0.026388257	0.100417301	0.744888437	0.279563702	0.542554647	0.378098891
LCC2034_52	0.59052614	0.373203609	0.241783902	0.097635538	0.240982529	0.220810662	0.537667178	0.329323876	0.185357748	0.614035832	0.382063868	0.760639898	0.819910826	0.734569138	0.331645253	0.499242924	0.11704357	0.652810218	0.927096138	0.222462037	0.443821759
LCC2036_52	0.81759464	0.629555294	0.145246377	0.775430164	0.606275255	0.687942604	0.972124788	0.586099361	0.899095911	1.107624654	0.873645925	0.66562251	1.05416631	0.972478557	0.818010495	0.401820166	0.342645431	0.53183705	1.260953764	1.078948407	1.280993238
LCC2038_52	0.373921389	-0.106753533	-0.175362192	0.173649709	0.418938075	0.355920229	0.270399884	0.236975886	0.269762238	0.123026332	0.260820229	2.162535592	0.384820016	0.094775828	0.332122218	0.304969722	0.190065572	-0.0146918	0.765599188	0.7115018	0.734710034
LCC2040_0	0.821288962	0.141650803	0.135769996	0.087491725	0.331859789	0.55202827	0.436451578	0.262003543	0.095070877	0.193784031	0.335696056	0.599128681	0.471296723	0.225560026	0.256574728	0.321452315	0.175154634	0.220548222	0.860883481	0.462364999	0.905880656
LCC2040_52	0.525537827	0.076531805	0.055504643	-0.287486232	-0.083359268	0.198736361	0.420689769	0.149286287	-0.119297407	-0.211857872	0.077059808	-0.075965327	0.028645498	0.047895835	0.580394929	0.448695651	-0.345525417	0.213143248	0.870228733	0.006997038	0.179981889
LCC2041_52	0.328113647	0.306435339	0.204983605	-0.51699962	-0.050334177	0.251221139	-0.019943872	0.126070884	-0.216350487	0.143321336	0.337189513	0.832923433	0.099379801	0.315216961	-0.206118618	0.01333812	-0.151856923	0.057594883	0.53249177	-0.126882274	0.149747692
LCC2044_52	0.858682624	0.451258707	0.097833185	0.351035908	0.415928824	0.544819332	0.839896898	0.39140132	0.81650139	1.017061791	0.750474029	0.843193577	1.226835692	0.905562846	0.517423291	0.743545615	0.217794865	0.449255544	1.079927796	0.521718315	0.912075927
LCC2045_52	0.304193029	0.305781802	-0.012000752	0.292757646	0.511477834	0.360509154	0.528184204	0.332921546	0.19447092	0.24559111	0.838187278	0.814217958	0.601894239	0.392225888	0.48838104	0.100994953	0.377956672	0.112671766	0.708769918	0.045814225	0.370158713
LCC2046_0	0.642129118	0.463020799	0.294407116	0.195844965	0.263140941	0.862612093	0.620909784	0.328545018	0.321709526	0.522843013	0.577868156	0.624491874	0.246605612	0.313010643	0.530628619	-0.096037107	0.15853069	-0.077239113	0.537154381	0.164787655	0.550646387
LCC2048_52	0.086822105	-0.104198006	0.114262263	0.203992543	0.502700649	0.738109314	0.463355871	0.269983018	0.29386399	0.568572457	0.486151386	0.463746666	0.520168814	0.22445112	-0.115973547	0.679578183	0.293856873	0.232656214	0.715653592	0.173464759	0.556155998
LCC2051_52	-0.038887667	-0.029307833	-0.470536005	-0.150916471	0.248014693	0.319484678	0.509939832	0.469929583	0.430484131	-0.096697095	0.016191189	0.230629772	0.042963906	0.003278698	-0.099430833	0.541039799	-0.207572125	-0.077947687	0.585537386	0.400448401	0.479162666
LCC2053_52	0.651779698	0.318949129	0.041051431	0.237787654	0.331845749	0.553557086	0.910476031	0.239857033	0.80045504	0.920654515	0.824355316	0.655156989	0.813159157	0.722387313	0.750871887	0.450067645	0.273902889	0.237074425	1.312505283	0.798777506	0.785374332
LCC2054_52	0.407940375	0.223814361	0.184234752	0.339773438	0.354488988	0.735775573	0.460628531	0.395054011	0.125357404	0.235390045	0.279496985	0.6327088	0.362059172	0.335949703	0.212237681	0.274907123	0.046042407	0.371186414	1.118174299	0.536158745	0.558600758
LCC2055_52	0.928526146	0.571284018	0.22117064	0.38583614	0.802306439	1.04443388	1.119223008	0.728978261	0.932344873	0.960931107	0.860337796	1.000333343	1.305660043	0.763151223	0.783172229	1.048211844	0.287382233	0.632299512	0.859123527	0.53236556	0.635006187
LCC2056_52	0.573472677	0.98725266	0.746013242	0.84417681	0.448182046	0.270150602	0.600708789	0.388429973	0.496514426	-0.014447752	-0.12236983	1.092537786	1.120221435	0.186933464	0.304346508	0.817967902	0.366429406	0.065815772	0.229809261	0.16376709	0.287325007
LCC2059_0	0.067292066	0.03760734	0.467998133	0.107790928	0.105816799	-0.043456905	0.10431929	-0.049336847	0.647883232	0.532878357	0.185142433	0.559922376	0.331118579	0.379265802	0.291591678	0.208954614	0.024338168	0.093054336	0.321189778	-0.030414694	0.706741825
LCC2059_52	1.098355854	-0.00112441	0.380403031	-0.138937074	0.128766569	0.783238817	-0.034808953	0.268527768	0.00783516	0.219742573	0.371891256	0.280088229	0.657824701	0.20403866	0.204031912	0.442274522	0.013181975	0.262613962	0.642544469	-0.10830974	0.17728187
LCC2060_0	0.824517695	0.679959994	0.041880989	0.610353505	0.978679721	0.723206633	0.444062239	0.19104045	0.664599562	0.816114888	0.348212023	0.268206486	0.796441455	0.658252908	0.450043121	0.327858483	0.124845666	0.086422595	0.993735856	0.775859779	0.705457755
LCC2060_52	0.453110915	0.239262178	0.062896463	0.154597179	0.548076457	0.561483272	0.575490938	0.041338639	0.426156384	0.674043698	0.424759945	0.642421276	0.559898484	0.398796478	0.332942972	0.329790673	0.050492735	-0.146449533	0.756282483	0.591658238	0.858434506
LCC2061_0	0.248037435	0.221862093	0.38845466	0.488915072	0.292489482	0.201498855	0.90676656	0.78369857	0.579554456	1.075226986	0.732120709	0.636908908	0.339772132	1.082358485	0.6050737	0.410576957	0.263646362	0.546361976	0.590655605	0.456539443	0.643883077
LCC2061_52	1.156572533	0.427649456	0.598830525	0.908822945	0.869868403	1.07686058	0.385459904	0.648077805	1.170029435	1.059340526	0.856566259	0.38944333	0.35349404	0.463204921	0.450674501	0.740951833	0.602892754	0.574926957	1.109942823	0.782690535	0.815926032
LCC2062_0	0.85381108	-0.52564875	0.34080505	0.47885253	-0.146955606	0.202597182	-0.281697813	0.365421069	0.500364975	0.179387329	0.209524407	-0.094232237	-0.031217939	0.448333727	-0.014080392	0.505102871	0.216165267	0.00831764	0.162473573	0.028444822	0.023339814
LCC2062_52	-0.141131655	0.034952065	-0.067010516	0.12916277	0.224217696	0.315083	0.28458209	0.305935768	0.178517479	0.019649865	-0.084849091	0.55348453	0.079873889	0.549602532	0.312025563	0.408429264	0.041816518	0.200558495	0.102800319	0.087053559	0.855675197
LCC2064_52	0.931720914	0.461807936	0.314626195	0.305286748	0.456823398	0.455571809	0.757925485	0.522524523	0.599956132	0.433682284	0.781912264	1.426447962	0.412349508	0.514141526	0.710156032	0.257993563	0.478625265	0.416785736	0.752563924	0.319313773	0.304377557
LCC2065_52	0.393891065	0.310434142	-0.062685991	0.376640359	0.460804986	0.409769154	0.990946138	0.664902956	0.364542276	0.760078265	0.745233255	1.125577777	0.395154363	0.819225854	0.703656632	0.237258016	0.635626738	0.420172734	0.780750099	0.09907253	0.373688082
LCC2066_52	0.605421809	0.342664333	0.114810289	0.46679128	0.483240284	0.502804909	0.753247305	0.676928366	0.833569574	0.902446903	0.676172736	1.033693887	0.712253988	0.829596615	0.589786423	0.563643079	0.545985167	0.65604106	1.481372112	0.739352707	0.805308143
LCC2068_0	0.465791712	0.601980929	0.436489385	0.516111716	0.475491718	0.616452908	0.903859771	0.957794272	0.982106099	0.559157215	0.639304441	1.015671642	1.147355212	1.075553305	1.006257058	1.307605943	0.675905505	0.80826122	0.847315119	0.838974282	1.091683339
LCC2068_52	0.806661564	0.470450967	0.340578772	0.22319769	0.381502806	0.604142349	0.662498744	0.667583225	0.39744532	0.588565599	0.410156567	0.797870825	0.586996021	0.505499384	0.598859111	0.552735721	0.471069732	0.567778058	0.735525621	0.424393886	0.90166624
LCC2069_52	0.295652663	-0.004983814	0.120101534	-0.066533269	0.071796088	0.495765636	-0.145350867	-0.053525867	0.145854561	0.137775113	0.925389495	0.426040045	0.107686626	0.155201571	-0.265515892	0.631649537	0.106417877	0.389407593	0.75870201	0.174780266	0.171346437
LCC2070_0	-0.091674783	0.439444927	0.569742096	0.116311994	0.217220267	0.665094438	-0.239593094	-0.256950596	0.703834529	0.879045902	0.002705903	0.811135691	-0.052438402	-0.047216702	0.389673365	-0.198811299	0.4454682	-0.047355862	1.073088347	-0.188367311	0.097476276
LCC2070_52	0.22281063	0.708089393	0.151014767	0.221696338	-0.042782567	0.572749085	0.496681044	0.034720152	-0.271890379	-0.064702779	0.244925178	0.592973696	0.323951229	0.074118973	0.702951888	0.447818672	0.248464695	0.396782969	0.521445143	0.411562689	0.261403258
LCC2073_52	0.732817905	0.796360975	0.340259273	0.419896018	0.554010298	0.789760694	0.770838911	0.608894659	0.593936013	0.705282786	0.645051068	1.000130249	0.488475404	0.5146535	0.483985187	0.571358921	0.457965318	0.614684191	0.872391858	0.494383074	0.747947234
LCC2074_52	0.84333191	0.430512157	-0.015419658	0.46902176	0.630884567	0.147815648	0.456965003	0.114002094	0.669370203	0.768832786	0.202133394	0.72030413	0.518957189	0.548407434	0.432976452	0.071763169	0.227875194	0.235148791	0.68836576	0.479895945	0.357256531
LCC2075_0	0.739592085	0.422483019	-0.001652236	-0.147691319	0.614908409	0.47564886	0.691876066	0.286680938	-0.104865563	0.623103573	0.32230514	0.96666366	0.20062933	0.374838724	0.237304324	0.170197199	0.060831832	-0.076208532	0.038733659	0.083511067	0.846312839
