sampleID	Occurence_Microstates_A	Occurence_Microstates_B	Occurence_Microstates_C	Occurence_Microstates_D	Occurence_Microstates_E	Occurence_Microstates_F	Occurence_Microstates_G	Duration_Microstates_A	Duration_Microstates_B	Duration_Microstates_C	Duration_Microstates_D	Duration_Microstates_E	Duration_Microstates_F	Duration_Microstates_G
LCC1001_52	2.22972973	2.324324324	2.324324324	1.216216216	2.040540541	1.540540541	1.540540541	76.67878788	79.27906977	82.8372093	69.33333333	72.05298013	67.22807018	76.14035088
LCC1002_0	1.81884058	1.956521739	2.101449275	1.304347826	2.036231884	1.833333333	1.0	84.41434263	86.05925926	88.22068966	80.35555556	82.91814947	83.11462451	66.66666667
LCC1002_52	1.901785714	2.008928571	2.241071429	1.473214286	2.223214286	2.053571429	1.464285714	72.05633803	78.13333333	74.7250996	74.35151515	73.4939759	74.48695652	76.92682927
LCC1003_0	2.203947368	1.717105263	2.493421053	1.907894737	1.677631579	1.552631579	1.348684211	80.0358209	72.7816092	90.79683377	76.64827586	75.04313725	70.77966102	66.88780488
LCC1003_52	2.274193548	2.048387097	2.048387097	1.306451613	2.225806452	2.129032258	1.693548387	75.46099291	81.22834646	66.86614173	71.35802469	73.73913043	71.84848485	67.73333333
LCC1004_52	1.433823529	2.580882353	2.419117647	1.772058824	1.654411765	2.301470588	1.426470588	68.12307692	80.38746439	74.43161094	76.68049793	68.03555556	74.04472843	67.25773196
LCC1006_52	2.582089552	2.164179104	2.380597015	1.231343284	2.059701493	1.820895522	1.604477612	73.6416185	71.54482759	73.64263323	67.44242424	73.13043478	73.91803279	69.45116279
LCC1007_0	2.039215686	1.803921569	2.068627451	1.882352941	2.058823529	1.588235294	1.558823529	74.55769231	79.17391304	82.3507109	81.0	78.57142857	68.14814815	72.05031447
LCC1008_0	1.784090909	1.761363636	2.784090909	1.340909091	2.181818182	2.090909091	1.193181818	76.86624204	75.12258065	89.12653061	65.42372881	78.60416667	72.45652174	60.07619048
LCC1008_52	2.25	2.057692308	2.173076923	1.182692308	2.384615385	2.596153846	1.451923077	71.14529915	70.03738318	68.69026549	57.26829268	78.4516129	74.54814815	67.62913907
LCC1009_52	2.105633803	2.457746479	2.253521127	1.274647887	1.978873239	1.802816901	1.542253521	77.9264214	78.13180516	77.4625	68.97237569	73.4519573	72.90625	67.83561644
LCC1010_0	1.975	1.45	2.4	1.825	1.65	1.55	1.65	79.03797468	74.62068966	87.95833333	85.5890411	75.87878788	83.61290323	68.84848485
LCC1010_52	2.4	2.207142857	2.385714286	1.535714286	1.65	1.678571429	1.485714286	76.78571429	75.45631068	83.47305389	70.73488372	71.58441558	69.97446809	71.23076923
LCC1014_0	1.828767123	1.636986301	2.732876712	1.047945205	2.465753425	1.924657534	1.089041096	73.45318352	73.28870293	93.5037594	66.32679739	81.68888889	75.886121	67.19496855
LCC1014_52	2.26119403	2.171641791	2.305970149	1.044776119	2.268656716	1.888059701	1.208955224	78.99669967	75.46391753	77.86407767	67.45714286	80.71052632	74.52964427	69.18518519
LCC1015_0	1.987804878	2.134146341	2.56097561	1.219512195	2.365853659	1.914634146	1.5	70.87116564	72.75428571	75.92380952	68.44	78.35051546	69.8343949	71.25203252
LCC1016_0	2.153225806	1.887096774	2.185483871	1.338709677	1.572580645	1.661290323	1.387096774	86.35205993	79.94871795	90.67158672	74.19277108	79.52820513	76.7961165	81.51162791
LCC1017_0	1.780701754	1.964912281	2.052631579	1.640350877	2.929824561	1.710526316	1.192982456	70.87684729	73.76785714	72.44444444	79.3368984	87.83233533	66.76923077	65.76470588
LCC1017_52	2.548387097	2.475806452	2.258064516	1.169354839	1.540322581	2.10483871	1.072580645	85.64556962	78.94462541	77.14285714	75.55862069	68.52356021	72.35249042	61.44360902
LCC1019_0	2.348837209	1.779069767	2.534883721	1.930232558	1.709302326	1.662790698	1.313953488	86.51485149	66.0130719	85.98165138	70.93975904	72.3537415	68.13986014	66.5840708
LCC1019_52	2.708333333	2.53125	2.427083333	1.0625	1.541666667	1.3125	1.354166667	83.73846154	82.43621399	81.13304721	67.52941176	76.37837838	62.98412698	70.49230769
LCC1020_0	2.467391304	1.684782609	2.336956522	1.097826087	2.217391304	2.22826087	1.5	81.63876652	67.35483871	79.38604651	62.45544554	78.01960784	73.03414634	63.50724638
LCC1021_0	1.886363636	2.022727273	2.181818182	1.727272727	2.170454545	1.761363636	1.647727273	78.09638554	76.04494382	82.20833333	70.86842105	73.42408377	71.12258065	68.24827586
LCC1021_52	2.222972973	1.817567568	2.425675676	1.594594595	2.47972973	1.824324324	1.581081081	71.70820669	71.73234201	78.0724234	70.3559322	74.50681199	66.25185185	65.16239316
LCC1023_52	1.875	2.319444444	1.652777778	1.625	2.097222222	1.597222222	1.583333333	74.16296296	86.51497006	76.23529412	76.71794872	83.04635762	73.91304348	74.14035088
LCC1025_52	2.320895522	2.134328358	2.23880597	0.962686567	2.074626866	2.328358209	1.768656716	75.11254019	78.08391608	75.0	67.68992248	69.17985612	71.97435897	64.92827004
LCC1026_52	2.342857143	2.6	1.914285714	1.571428571	1.9	1.842857143	1.657142857	72.97560976	72.94505495	77.49253731	74.14545455	74.4962406	66.23255814	66.93103448
LCC1027_52	1.984375	2.2265625	1.953125	1.5390625	1.7421875	1.8515625	1.6953125	74.37795276	83.95789474	77.04	75.02538071	74.00896861	80.18565401	72.03686636
LCC1028_0	2.470149254	1.611940299	2.097014925	1.5	2.253731343	2.171641791	1.28358209	77.81268882	70.5	74.79003559	73.99004975	78.67549669	74.73539519	67.55813953
LCC1031_52	2.425	1.825	2.075	1.4	2.1	1.65	1.575	77.11340206	75.50684932	74.40963855	80.0	78.52380952	71.93939394	79.49206349
LCC1032_0	2.397058824	1.889705882	2.441176471	1.220588235	1.970588235	2.279411765	1.073529412	79.85276074	72.40466926	84.59036145	64.21686747	71.64179104	77.85806452	63.56164384
LCC1032_52	2.022727273	1.825757576	2.606060606	1.704545455	1.984848485	2.462121212	1.53030303	70.98127341	69.49377593	75.09302326	68.28444444	68.64122137	75.32307692	62.57425743
LCC1033_0	2.108108108	2.013513514	2.02027027	1.533783784	1.797297297	2.243243243	0.959459459	78.20512821	80.41610738	83.46488294	77.40969163	79.05263158	79.18072289	68.95774648
LCC1033_52	1.875	1.678571429	2.535714286	1.428571429	1.535714286	1.589285714	1.482142857	90.0952381	79.61702128	97.71830986	82.45	69.06976744	73.39325843	73.63855422
LCC1034_0	2.198113208	1.622641509	2.481132075	0.754716981	2.396226415	1.764150943	1.160377358	78.24892704	78.23255814	83.55893536	75.1	90.80314961	81.7540107	64.84552846
LCC1034_52	1.838235294	2.338235294	2.573529412	1.279411765	1.529411765	2.294117647	0.985294118	79.36	78.59119497	84.50285714	76.64367816	72.30769231	79.94871795	61.73134328
LCC1035_52	2.0625	2.3671875	1.8671875	1.203125	1.65625	1.65625	1.546875	84.63636364	89.34653465	86.42677824	73.50649351	82.09433962	73.81132075	68.46464646
LCC1037_52	2.464788732	1.894366197	2.514084507	1.373239437	1.697183099	1.542253521	1.281690141	82.99428571	78.08178439	86.24089636	77.35384615	74.37344398	72.85844749	67.01098901
LCC1038_52	1.923728814	2.152542373	2.262711864	1.305084746	2.508474576	1.771186441	1.474576271	75.08370044	71.60629921	79.05617978	76.18181818	76.60810811	73.22488038	68.66666667
LCC1040_52	2.32	1.68	2.71	0.73	2.29	2.01	1.64	80.22413793	71.47619048	82.37638376	61.09589041	73.36244541	72.19900498	68.80487805
LCC1042_52	2.888888889	2.25	1.666666667	1.305555556	1.555555556	1.0	1.805555556	90.5	91.55555556	75.4	65.61702128	76.64285714	66.11111111	75.26153846
LCC1043_0	2.0	2.0	1.703125	1.671875	1.671875	1.71875	1.359375	74.75	84.25	92.73394495	79.36448598	74.80373832	89.01818182	83.35632184
LCC1044_52	1.925	2.125	2.383333333	1.258333333	1.758333333	1.933333333	1.125	83.56709957	91.0745098	88.82517483	65.85430464	68.34123223	75.60344828	75.28888889
LCC1045_52	2.083333333	2.048611111	2.368055556	1.430555556	1.597222222	1.763888889	1.222222222	86.10666667	79.45762712	88.6568915	82.05825243	74.93913043	74.06299213	65.59090909
LCC1046_0	1.380952381	2.142857143	2.119047619	1.523809524	1.619047619	1.952380952	1.452380952	74.34482759	88.93333333	88.4494382	81.625	78.58823529	83.07317073	72.6557377
LCC1046_52	1.918032787	2.885245902	2.360655738	1.016393443	1.893442623	2.31147541	1.385245902	67.67521368	82.19318182	74.125	65.32258065	71.63636364	71.37588652	65.72781065
LCC1047_0	1.8	1.66	1.94	1.46	1.9	1.9	1.7	79.42222222	80.14457831	83.17525773	76.32876712	80.12631579	81.01052632	85.31764706
LCC1047_52	2.353448276	2.362068966	1.956896552	1.034482759	2.387931034	1.913793103	1.431034483	76.64468864	84.40875912	73.02202643	67.0	74.74368231	70.32432432	66.36144578
LCC1048_52	2.375	2.125	1.794117647	1.227941176	1.852941176	2.264705882	1.654411765	78.46439628	78.13148789	73.52459016	73.84431138	76.33333333	76.14285714	67.18222222
LCC1049_52	2.142857143	1.828571429	2.357142857	1.471428571	2.385714286	1.628571429	1.414285714	73.06666667	78.4375	81.16363636	77.3592233	74.8502994	72.49122807	69.45454545
LCC1050_52	1.839285714	2.25	2.375	1.517857143	2.125	1.803571429	1.196428571	74.29126214	84.19047619	82.55639098	80.42352941	71.56302521	71.20792079	62.92537313
LCC1051_0	2.15	1.757142857	2.45	2.057142857	1.878571429	2.114285714	1.25	76.73089701	72.7804878	80.18658892	69.77777778	70.75285171	73.68918919	62.74285714
LCC1051_52	2.415492958	1.88028169	2.035211268	1.661971831	1.753521127	1.704225352	1.577464789	79.24198251	84.82397004	79.08650519	74.10169492	73.59036145	70.67768595	73.21428571
LCC1054_0	1.61	2.13	2.31	1.73	1.92	1.86	1.18	75.67701863	81.05164319	80.20779221	92.30057803	75.4375	73.39784946	67.11864407
LCC1055_0	1.670731707	1.573170732	2.085365854	2.085365854	1.573170732	1.682926829	1.5	75.73722628	72.62015504	96.14035088	92.02339181	81.27131783	70.98550725	79.67479675
LCC1056_0	1.949275362	1.84057971	2.268115942	1.405797101	1.97826087	1.666666667	1.586956522	78.95910781	76.86614173	85.34185304	78.55670103	79.25274725	76.85217391	72.93150685
LCC1057_0	2.307017544	2.236842105	2.052631579	1.298245614	1.903508772	2.149122807	1.877192982	72.121673	71.52941176	81.00854701	66.16216216	70.34101382	74.62857143	67.73831776
LCC1057_52	2.0	2.606060606	2.393939394	0.962121212	2.053030303	2.03030303	1.606060606	69.28787879	80.19767442	76.79746835	63.24409449	75.14391144	72.25373134	66.47169811
LCC1060_0	1.872340426	1.808510638	1.787234043	1.617021277	1.840425532	1.20212766	1.35106383	89.68181818	87.36470588	91.0952381	94.13157895	88.0	76.21238938	78.07874016
LCC1060_52	2.815789474	1.868421053	1.833333333	1.026315789	2.359649123	1.859649123	1.149122807	91.6635514	77.33333333	80.72727273	65.05982906	72.5204461	72.22641509	67.17557252
LCC1061_0	2.037878788	1.78030303	1.977272727	1.333333333	2.181818182	1.757575758	1.560606061	81.66542751	78.96170213	84.81226054	82.11363636	78.61111111	75.93103448	71.02912621
LCC1061_52	2.632352941	2.705882353	2.044117647	1.044117647	1.647058824	1.955882353	1.323529412	80.73743017	84.52173913	73.43884892	62.14084507	69.67857143	73.05263158	65.06666667
LCC1062_0	2.206349206	2.365079365	2.19047619	1.071428571	2.26984127	1.873015873	1.111111111	78.30215827	78.22818792	81.89855072	68.85925926	79.16083916	71.11864407	68.54285714
LCC1062_52	2.798611111	2.284722222	1.944444444	1.236111111	2.055555556	1.965277778	1.4375	76.28784119	78.37082067	71.15714286	68.4494382	73.72972973	72.07067138	63.49758454
LCC1064_52	2.079365079	2.23015873	2.103174603	1.650793651	1.849206349	2.126984127	1.595238095	76.1221374	79.3024911	76.57358491	69.71153846	70.18025751	74.23880597	63.34328358
LCC1065_0	2.532258065	1.838709677	2.040322581	1.508064516	1.967741935	1.725806452	1.322580645	81.17197452	75.14035088	82.49802372	76.49197861	77.8852459	73.19626168	70.34146341
LCC1065_52	2.548387097	2.475806452	2.258064516	1.169354839	1.540322581	2.10483871	1.072580645	85.64556962	78.94462541	77.14285714	75.55862069	68.52356021	72.35249042	61.44360902
LCC1066_0	2.181818182	1.931818182	1.954545455	1.727272727	2.204545455	1.818181818	1.318181818	77.75	80.37647059	81.1627907	67.89473684	84.20618557	68.4	67.65517241
LCC1067_0	1.708955224	3.007462687	2.52238806	1.141791045	1.955223881	1.328358209	1.604477612	71.12663755	88.16873449	79.92899408	59.4248366	71.19083969	65.50561798	73.30232558
LCC1067_52	2.175	2.225	2.6	1.625	1.4625	1.875	1.4125	78.89655172	79.3258427	79.98076923	68.98461538	73.5042735	71.46666667	63.96460177
LCC1068_0	1.825	1.683333333	2.008333333	2.008333333	2.025	1.541666667	1.558333333	82.26484018	80.55445545	86.5560166	78.45643154	78.48559671	67.26486486	77.15508021
LCC1069_0	1.952830189	2.056603774	2.235849057	1.245283019	2.056603774	1.839622642	1.509433962	80.8115942	75.98165138	86.04219409	74.12121212	79.46788991	72.51282051	69.175
LCC1069_52	1.7	2.723076923	2.438461538	1.315384615	1.769230769	1.530769231	1.723076923	73.86425339	87.90960452	79.43217666	69.96491228	70.97391304	67.59798995	69.80357143
LCC1070_0	2.918032787	2.62295082	1.327868852	1.155737705	1.983606557	1.639344262	1.704918033	80.3258427	73.05	70.81481481	64.68085106	76.90909091	71.54	79.40384615
LCC1071_0	2.129310345	1.801724138	2.060344828	1.456896552	2.025862069	1.767241379	1.50862069	79.22267206	77.72248804	78.9623431	79.8816568	84.54468085	77.32682927	69.12
LCC1071_52	2.221153846	2.105769231	2.076923077	1.153846154	2.326923077	2.144230769	1.375	72.24242424	75.30593607	81.64814815	66.73333333	79.98347107	71.26457399	69.42657343
LCC1072_0	1.893939394	1.916666667	2.742424242	1.318181818	1.674242424	1.568181818	1.590909091	79.952	78.48221344	89.56906077	74.13793103	72.70588235	70.647343	76.85714286
LCC1072_52	2.242857143	2.357142857	2.0	1.857142857	1.385714286	1.528571429	1.542857143	79.38853503	83.80606061	77.97142857	82.09230769	71.34020619	68.37383178	73.0
LCC1073_0	2.373134328	1.895522388	2.313432836	1.388059701	1.940298507	1.671641791	1.529850746	84.27672956	72.37795276	83.49677419	66.27956989	75.64615385	72.57142857	71.6097561
LCC1073_52	2.322368421	2.039473684	2.618421053	1.276315789	1.934210526	1.782894737	1.467105263	79.04815864	76.60645161	80.91457286	64.88659794	73.17006803	70.95202952	66.43946188
LCC1074_0	2.105263158	1.728070175	2.333333333	1.657894737	2.149122807	1.745614035	1.394736842	76.46666667	74.1319797	81.20300752	72.04232804	77.37142857	79.03517588	70.08805031
LCC1074_52	1.833333333	2.283333333	2.216666667	1.75	1.2	1.766666667	1.333333333	69.81818182	89.34306569	84.30075188	90.8952381	72.11111111	77.81132075	73.55
LCC1075_0	2.089285714	2.017857143	2.125	1.642857143	1.571428571	1.928571429	1.392857143	80.51282051	76.0	79.09243697	85.26086957	72.5	79.92592593	73.38461538
LCC1075_52	2.080645161	2.274193548	2.25	1.10483871	1.806451613	1.806451613	1.653225806	81.64341085	81.21985816	81.57706093	74.94890511	70.01785714	69.82142857	76.48780488
LCC1076_52	1.957446809	2.021276596	2.393617021	1.404255319	1.989361702	1.872340426	1.627659574	74.2826087	80.75789474	80.78222222	70.36363636	77.88235294	70.5	68.96732026
LCC1077_0	2.305084746	1.881355932	1.822033898	1.669491525	1.983050847	1.423728814	1.372881356	86.51470588	76.34234234	84.68837209	78.15228426	80.75213675	73.83333333	77.87654321
LCC1082_0	2.535211268	2.154929577	2.014084507	1.338028169	2.281690141	1.570422535	1.316901408	84.48888889	74.75816993	83.34265734	70.02105263	76.55555556	66.97757848	63.2513369
LCC1084_0	1.738095238	2.063492063	2.682539683	1.404761905	2.285714286	1.579365079	1.523809524	72.31050228	72.73846154	85.58579882	68.72316384	77.625	74.67336683	67.41666667
LCC1084_52	2.5	2.210526316	2.210526316	1.184210526	2.157894737	2.105263158	1.631578947	76.21052632	75.52380952	70.38095238	77.15555556	67.80487805	64.2	69.93548387
LCC1086_52	2.5	2.352941176	2.264705882	1.235294118	2.345588235	1.676470588	1.294117647	78.98823529	74.4	76.57142857	67.45238095	75.7492163	65.10526316	64.84090909
LCC1088_0	1.769230769	1.615384615	2.230769231	1.298076923	1.75	1.432692308	1.798076923	87.47826087	84.64285714	90.60344828	83.46666667	80.24175824	77.79865772	81.28342246
LCC1090_52	2.28	2.1	2.733333333	1.58	1.98	1.873333333	1.073333333	71.40350877	72.6984127	85.65853659	71.76371308	71.5959596	68.9252669	61.61490683
LCC1091_52	1.708955224	2.71641791	2.223880597	2.171641791	1.611940299	1.447761194	1.507462687	69.71179039	81.68131868	75.19463087	78.65292096	72.01851852	67.13402062	71.42574257
LCC1093_0	1.980392157	2.12745098	2.343137255	1.833333333	1.617647059	1.882352941	1.637254902	74.03960396	69.05069124	81.07112971	76.72727273	71.44242424	70.75	77.62874251
LCC1093_52	2.107843137	2.068627451	2.137254902	1.656862745	1.529411765	1.745098039	2.12745098	79.83255814	77.51658768	71.76146789	68.68639053	71.07692308	75.30337079	77.12442396
LCC1094_0	1.9	1.8	1.775	1.25	1.525	1.4	1.725	106.6842105	83.05555556	96.33802817	81.2	84.85245902	75.42857143	81.33333333
LCC1094_52	2.229166667	2.243055556	2.25	1.513888889	2.256944444	1.777777778	1.256944444	80.6728972	71.34365325	74.58024691	71.08256881	76.04923077	75.171875	63.20441989
LCC1096_0	2.397058824	1.705882353	2.338235294	1.470588235	1.852941176	1.941176471	2.088235294	75.28834356	67.48275862	78.6163522	63.76	73.3015873	71.66666667	72.73239437
LCC1096_52	2.315384615	2.069230769	2.6	1.461538462	2.115384615	1.761538462	1.630769231	74.73754153	76.87732342	80.16568047	63.68421053	67.33090909	66.3231441	65.67924528
LCC1097_0	1.938461538	1.838461538	2.607692308	1.546153846	1.923076923	1.838461538	1.384615385	77.57142857	72.41841004	84.12979351	68.7761194	78.832	77.84100418	69.37777778
LCC1097_52	2.3	2.335714286	1.814285714	1.671428571	1.828571429	1.192857143	1.485714286	83.86335404	85.08868502	76.37795276	82.90598291	75.609375	68.62275449	74.78846154
LCC1098_0	2.043478261	1.855072464	2.144927536	1.724637681	2.014492754	1.507246377	1.594202899	85.16312057	74.0625	84.43243243	73.21008403	78.24460432	66.11538462	77.74545455
LCC1099_0	2.133333333	1.866666667	1.933333333	1.566666667	1.666666667	1.433333333	1.933333333	86.375	81.21428571	81.24137931	76.25531915	80.24	71.06976744	78.62068966
LCC1100_52	2.161290323	2.282258065	2.443548387	1.806451613	1.89516129	1.782258065	1.725806452	73.55223881	72.42402827	75.15511551	71.16071429	70.4	66.82352941	64.3364486
LCC1101_52	2.0	2.360655738	2.450819672	1.467213115	2.073770492	1.975409836	1.62295082	69.67213115	78.11111111	73.96655518	69.05027933	72.01581028	70.10788382	65.21212121
LCC1103_0	2.113636364	2.151515152	2.53030303	1.431818182	1.810606061	1.583333333	1.446969697	79.35483871	77.09859155	83.65269461	71.51322751	80.28451883	69.55023923	66.93193717
LCC1104_0	2.269736842	1.993421053	2.078947368	2.164473684	2.282894737	1.881578947	1.263157895	74.36521739	68.69966997	70.79746835	71.55015198	76.3573487	72.82517483	64.02083333
LCC1106_0	1.92	2.18	2.24	1.08	1.46	1.08	1.48	94.41666667	88.29357798	86.92857143	81.48148148	73.80821918	83.11111111	98.64864865
LCC1107_0	1.909090909	1.727272727	2.272727273	1.712121212	1.53030303	1.803030303	1.893939394	73.3968254	69.57894737	79.78666667	87.22123894	75.20792079	72.70588235	85.984
LCC1107_52	1.98	2.81	2.33	1.78	1.76	1.82	1.38	69.8989899	74.10676157	77.08154506	73.48314607	67.47727273	70.3956044	69.62318841
LCC1108_0	2.096153846	2.602564103	2.282051282	1.564102564	2.134615385	1.641025641	1.685897436	72.6116208	74.78817734	76.80898876	71.54098361	69.93393393	66.0625	64.22813688
LCC1109_0	2.212962963	2.12037037	2.083333333	1.518518519	1.768518519	1.935185185	1.268518519	79.78242678	78.37554585	80.37333333	76.29268293	76.12565445	77.4354067	70.54014599
LCC1109_52	1.946428571	2.125	2.169642857	1.508928571	1.991071429	2.008928571	1.6875	72.82568807	76.0	75.47325103	70.95857988	76.91479821	74.75555556	72.65608466
LCC1110_0	2.015151515	2.143939394	2.386363636	1.310606061	1.818181818	1.462121212	1.643939394	83.35338346	78.00706714	88.25396825	67.95375723	71.68333333	71.35751295	79.35483871
LCC1112_0	2.136363636	2.113636364	2.25	1.659090909	1.977272727	1.931818182	1.613636364	73.31914894	71.39784946	77.25252525	76.05479452	81.70114943	60.32941176	70.87323944
LCC1114_0	2.286885246	1.87704918	2.040983607	1.483606557	2.040983607	1.926229508	1.196721311	84.02867384	77.78165939	80.35341365	77.90055249	83.03614458	68.45957447	67.61643836
LCC1114_52	2.03	2.12	2.46	1.56	1.44	1.38	1.64	78.04926108	79.94339623	88.45528455	82.46153846	76.38888889	72.0	71.02439024
LCC1115_0	2.028571429	2.064285714	2.464285714	1.721428571	2.321428571	1.6	1.821428571	69.92957746	73.68858131	78.31884058	65.65975104	73.19384615	69.42857143	65.33333333
LCC1117_0	2.029411765	2.088235294	2.227941176	1.595588235	1.970588235	2.0	2.161764706	68.36231884	69.47887324	77.61056106	67.55760369	68.3880597	67.01470588	77.10204082
LCC1117_52	2.230263158	2.526315789	2.230263158	1.157894737	2.046052632	1.782894737	2.065789474	70.2300885	73.125	76.5899705	61.22727273	71.58842444	70.31734317	70.22929936
LCC1119_0	1.603773585	2.0	2.216981132	1.443396226	1.226415094	1.481132075	1.462264151	89.24705882	94.50943396	98.85957447	82.74509804	78.15384615	75.87261146	82.76129032
LCC1119_52	1.838709677	1.887096774	2.806451613	1.846774194	1.572580645	1.790322581	1.483870968	74.03508772	77.2991453	84.08045977	77.43231441	70.54358974	70.09009009	69.15217391
LCC1121_0	1.705128205	2.512820513	2.102564103	1.333333333	2.0	1.474358974	1.5	68.18045113	93.55102041	82.43902439	77.38461538	77.12820513	68.48695652	77.94871795
LCC1122_52	1.904411765	2.014705882	2.147058824	1.889705882	1.433823529	1.727941176	1.580882353	78.36293436	80.67153285	85.34246575	82.6770428	74.4	76.35744681	69.6744186
LCC1123_52	2.263157895	2.201754386	2.315789474	1.333333333	2.035087719	1.640350877	1.385964912	79.56589147	79.56972112	83.09090909	66.78947368	75.62068966	69.96791444	68.25316456
LCC1125_0	2.029411765	1.764705882	2.205882353	1.529411765	1.882352941	1.117647059	1.823529412	81.91304348	68.13333333	86.72	90.0	80.125	62.0	90.19354839
LCC1127_0	1.887931034	1.853448276	2.034482759	1.767241379	1.637931034	1.784482759	1.422413793	85.33333333	82.60465116	84.06779661	85.69756098	74.92631579	77.25603865	72.21818182
LCC1131_0	2.425	1.2875	2.55	1.3875	1.6875	1.5625	1.5625	82.45360825	68.69902913	99.1372549	78.88288288	75.58518519	71.68	70.272
LCC1131_52	2.177419355	2.64516129	2.290322581	1.322580645	1.959677419	1.653225806	1.379032258	84.96296296	77.48780488	76.30985915	67.73170732	75.65432099	66.59512195	63.32163743
LCC1132_0	1.753968254	1.76984127	2.547619048	1.373015873	2.150793651	1.80952381	1.206349206	75.47511312	77.65022422	86.03115265	75.39884393	83.58671587	75.89473684	74.92105263
LCC1132_52	1.992753623	2.413043478	2.275362319	1.398550725	2.050724638	1.876811594	1.398550725	73.17818182	82.29429429	76.82802548	68.70466321	75.54770318	71.61389961	68.1865285
LCC1136_52	2.275510204	2.030612245	1.755102041	1.336734694	1.673469388	1.673469388	1.489795918	88.0	83.37688442	84.81395349	81.70992366	81.97560976	74.95121951	73.67123288
LCC1139_52	2.0	2.303571429	2.491071429	1.205357143	2.1875	1.928571429	1.455357143	73.57142857	75.75193798	77.96415771	68.62222222	75.28163265	70.81481481	68.83435583
LCC1140_52	2.177777778	2.022222222	2.633333333	1.388888889	1.833333333	2.022222222	1.511111111	76.2244898	71.01098901	85.65400844	67.456	70.15757576	74.04395604	61.41176471
LCC1142_0	2.455882353	1.323529412	3.235294118	1.426470588	1.772058824	1.529411765	1.198529412	80.5748503	69.73333333	96.65454545	64.32989691	73.4439834	67.09615385	60.56441718
LCC1143_0	2.078571429	1.592857143	2.264285714	1.292857143	2.085714286	1.592857143	1.4	85.59450172	74.4573991	94.03154574	70.51933702	84.12328767	75.9103139	73.59183673
LCC1144_0	1.945652174	1.847826087	1.673913043	1.706521739	1.260869565	1.47826087	1.706521739	86.8603352	80.0	86.46753247	97.14649682	80.27586207	77.29411765	92.10191083
LCC1144_52	2.089041096	2.705479452	2.239726027	1.376712329	1.547945205	1.808219178	1.452054795	74.29508197	85.32658228	83.21712538	77.05472637	68.69026549	67.15151515	64.54716981
LCC1145_52	2.040540541	2.155405405	2.804054054	1.736486486	1.635135135	1.641891892	1.959459459	69.48344371	70.64576803	80.8	67.01945525	66.99173554	70.1563786	70.56551724
LCC1146_0	2.05	1.7	2.15	1.575	1.7625	1.6875	1.3125	87.75609756	73.44117647	92.27906977	84.28571429	75.74468085	74.78518519	79.54285714
LCC1146_52	2.013888889	2.583333333	2.652777778	1.770833333	1.666666667	1.541666667	1.354166667	70.73103448	78.4516129	82.78534031	72.84705882	70.2	68.01801802	62.33846154
LCC1147_52	2.541666667	2.6875	2.069444444	1.409722222	1.708333333	1.611111111	1.965277778	75.83606557	80.11369509	72.36241611	65.16256158	65.07317073	64.94827586	68.45229682
LCC1148_52	2.276315789	2.046052632	2.375	1.348684211	2.138157895	1.901315789	1.710526316	75.23699422	71.63987138	77.6398892	64.66341463	72.77538462	72.09688581	68.90769231
LCC1149_52	1.72	1.89	2.17	1.7	1.86	1.91	1.42	80.25581395	83.00529101	80.53456221	77.41176471	79.56989247	79.05759162	70.22535211
LCC1150_0	2.420454545	1.625	1.897727273	1.704545455	2.204545455	1.715909091	1.181818182	84.43192488	72.75524476	76.26347305	79.12	88.68041237	72.87417219	65.38461538
LCC1151_0	2.035211268	2.352112676	2.007042254	1.133802817	1.704225352	1.556338028	1.302816901	86.96193772	91.56886228	85.44561404	74.98136646	80.29752066	73.21266968	77.01621622
LCC1151_52	1.970588235	2.191176471	2.073529412	1.889705882	1.139705882	1.441176471	1.992647059	76.40298507	87.42281879	81.80141844	81.49416342	71.1483871	68.79591837	77.29889299
LCC1152_0	1.922222222	1.911111111	2.011111111	1.466666667	1.777777778	1.611111111	1.688888889	80.99421965	82.13953488	78.49723757	77.54545455	84.0	83.33793103	78.23684211
LCC1152_52	2.3125	1.75	2.409722222	1.458333333	2.340277778	2.152777778	1.847222222	69.69369369	67.26984127	73.30259366	67.40952381	73.13946588	69.23870968	68.18045113
LCC1154_0	1.828125	1.9453125	2.28125	1.28125	1.953125	1.75	1.4375	80.4957265	88.01606426	88.49315068	75.85365854	81.44	68.73214286	71.80434783
LCC1154_52	2.00877193	1.850877193	2.438596491	1.5	1.929824561	1.51754386	1.684210526	81.85152838	76.13270142	89.5971223	73.68421053	74.58181818	70.84393064	67.8125
LCC1155_0	1.864285714	1.964285714	1.892857143	1.557142857	2.242857143	1.892857143	1.007142857	84.81226054	75.50545455	81.91698113	82.40366972	86.76433121	79.78867925	64.11347518
LCC1155_52	2.079710145	1.942028986	2.413043478	1.855072464	1.81884058	1.362318841	1.492753623	74.8989547	76.58208955	84.85285285	77.59375	82.31075697	70.46808511	67.72815534
LCC1156_0	2.154545455	1.727272727	2.263636364	1.645454545	2.590909091	2.054545455	1.309090909	73.09704641	70.65263158	76.86746988	67.93370166	75.57894737	77.52212389	60.80555556
LCC1156_52	2.065789474	1.921052632	2.092105263	1.618421053	2.197368421	2.223684211	1.697368421	75.66878981	74.49315068	72.05031447	66.01626016	75.83233533	74.31952663	65.45736434
LCC1157_52	1.675925926	1.842592593	2.611111111	1.62962963	1.75	1.768518519	1.648148148	73.41436464	80.26130653	91.36170213	76.36363636	76.46560847	70.03141361	65.7752809
LCC1158_0	2.376923077	2.169230769	2.530769231	1.161538462	1.638461538	1.838461538	2.015384615	77.07443366	71.90070922	78.73556231	61.16556291	67.84976526	72.13389121	72.80916031
LCC1159_0	2.318181818	2.136363636	1.511363636	1.954545455	1.522727273	1.534090909	0.977272727	95.90196078	88.38297872	78.88721805	90.30232558	73.1641791	75.40740741	67.58139535
LCC2001_0	1.819672131	2.049180328	2.459016393	1.360655738	1.893442623	1.647540984	1.729508197	76.01801802	70.736	88.66666667	68.43373494	77.50649351	77.11442786	76.18957346
LCC2001_52	2.301587302	1.746031746	2.515873016	1.436507937	2.063492063	1.777777778	1.595238095	76.05517241	73.30909091	81.29968454	73.67955801	74.35384615	67.08928571	71.38308458
LCC2002_52	1.696721311	2.180327869	2.237704918	1.836065574	1.918032787	2.426229508	1.131147541	70.62801932	82.16541353	74.43223443	79.28571429	72.11965812	72.68918919	65.5942029
LCC2006_0	2.059322034	1.805084746	1.830508475	1.330508475	2.669491525	1.228813559	1.5	77.00411523	79.36150235	81.59259259	78.70063694	91.63174603	74.84137931	71.68361582
LCC2006_52	2.009615385	2.384615385	2.336538462	1.076923077	1.730769231	1.528846154	1.701923077	80.22966507	89.16129032	81.5473251	69.96428571	69.55555556	72.45283019	75.86440678
LCC2007_0	1.960526316	2.223684211	2.447368421	1.842105263	2.197368421	1.75	1.565789474	72.37583893	75.19526627	73.22580645	68.82857143	71.49700599	68.5112782	68.90756303
LCC2008_0	1.779661017	2.533898305	2.525423729	1.550847458	1.991525424	1.889830508	1.101694915	69.12380952	77.28428094	84.10738255	70.2295082	77.17446809	71.69506726	64.12307692
LCC2008_52	1.985714286	1.9	2.35	1.585714286	1.807142857	2.071428571	1.185714286	76.74820144	81.95488722	85.30091185	74.30630631	74.68774704	77.36551724	66.09638554
LCC2010_0	2.085714286	1.9	1.914285714	1.385714286	1.471428571	1.428571429	1.6	95.06849315	91.60902256	81.46268657	91.87628866	79.76699029	72.32	77.32142857
LCC2011_0	1.849056604	1.613207547	1.952830189	1.641509434	1.556603774	1.91509434	1.70754717	83.36734694	81.40350877	85.91304348	83.54022989	76.29090909	76.13793103	84.95027624
LCC2012_0	1.693548387	1.693548387	2.290322581	1.564516129	2.193548387	2.096774194	1.516129032	84.91428571	78.7047619	77.4084507	76.86597938	79.47058824	73.72307692	63.61702128
LCC2012_52	1.942622951	2.204918033	2.040983607	1.114754098	1.795081967	2.409836066	1.672131148	71.52742616	81.07063197	75.91967871	68.97058824	70.15525114	82.91156463	74.58823529
LCC2013_0	1.642857143	2.265306122	2.571428571	1.56122449	1.755102041	1.663265306	1.469387755	83.35403727	83.02702703	83.36507937	74.64052288	71.25581395	67.65644172	72.47222222
LCC2013_52	1.678571429	2.8	2.064285714	1.621428571	1.485714286	1.664285714	1.185714286	74.72340426	92.68367347	83.72318339	83.77092511	72.07692308	73.25321888	65.27710843
LCC2014_0	2.007352941	1.985294118	2.036764706	1.632352941	2.161764706	1.897058824	1.566176471	77.37728938	74.38518519	80.57761733	72.99099099	76.08163265	73.90697674	69.63380282
LCC2014_52	2.135714286	1.95	2.314285714	1.335714286	1.935714286	2.371428571	1.4	78.5819398	70.9010989	76.72839506	69.5828877	74.19926199	77.09638554	69.24489796
LCC2015_0	1.87254902	2.254901961	2.37254902	1.441176471	2.18627451	2.068627451	1.37254902	74.89005236	72.92173913	83.53719008	64.84353741	77.1838565	72.36018957	62.11428571
LCC2016_0	2.489361702	1.574468085	1.957446809	1.414893617	1.946808511	1.595744681	1.276595745	90.8034188	75.97297297	80.93478261	75.60902256	87.36612022	80.05333333	71.36666667
LCC2016_52	2.0	1.988888889	1.788888889	1.444444444	1.688888889	1.866666667	1.422222222	88.44444444	87.46368715	87.8757764	82.61538462	74.44736842	75.5952381	74.375
LCC2018_0	1.962962963	2.314814815	2.685185185	1.601851852	1.953703704	1.731481481	1.574074074	72.50943396	82.624	79.62758621	64.30057803	67.01421801	68.14973262	63.95294118
LCC2018_52	2.683333333	1.991666667	2.108333333	1.15	2.333333333	1.85	1.408333333	81.19254658	75.43096234	73.99209486	64.84057971	75.24285714	73.26126126	64.07100592
LCC2020_52	1.115384615	1.607692308	3.176923077	1.446153846	2.123076923	2.630769231	1.038461538	60.57931034	70.71770335	86.94430993	72.08510638	71.28985507	84.70175439	61.71851852
LCC2021_0	2.462686567	1.843283582	2.567164179	1.649253731	1.850746269	1.753731343	1.328358209	78.90909091	71.15789474	81.98837209	70.73303167	71.35483871	69.07234043	70.8988764
LCC2022_52	2.191176471	2.397058824	2.463235294	1.566176471	1.522058824	2.132352941	1.308823529	76.01342282	78.39263804	77.30149254	73.95305164	69.00483092	70.8	63.64044944
LCC2023_52	2.192307692	2.815384615	1.776923077	1.238461538	1.646153846	1.730769231	1.915384615	77.20701754	85.07103825	67.58441558	74.93167702	69.60747664	70.84444444	73.68674699
LCC2024_52	2.18115942	2.108695652	2.101449275	1.18115942	2.398550725	1.876811594	1.471014493	79.26910299	78.95532646	71.94482759	71.38650307	79.28700906	71.01158301	69.10344828
LCC2025_0	1.637931034	1.474137931	2.051724138	1.293103448	1.905172414	1.706896552	1.551724138	84.84210526	89.52046784	86.38655462	86.0	85.55656109	85.45454545	84.91111111
LCC2025_52	2.484615385	2.076923077	2.146153846	1.184615385	1.907692308	1.684615385	1.6	82.01857585	79.34814815	81.46236559	71.74025974	75.98387097	68.0	70.05769231
LCC2026_0	2.214285714	2.03968254	2.515873016	1.404761905	2.198412698	1.841269841	1.444444444	70.3655914	76.91828794	74.70031546	67.41242938	76.4765343	75.56896552	67.42857143
LCC2026_52	1.867924528	2.066037736	2.198113208	1.566037736	2.20754717	2.08490566	1.433962264	79.33333333	78.95890411	78.52360515	70.14457831	75.33333333	71.00452489	64.07894737
LCC2027_0	1.634920635	2.571428571	2.150793651	1.396825397	1.682539683	1.412698413	1.857142857	81.82524272	83.55555556	81.59409594	71.15909091	71.75471698	76.2247191	79.72649573
LCC2027_52	2.074074074	2.62037037	1.972222222	1.101851852	2.342592593	2.287037037	1.527777778	72.08928571	79.81625442	70.27230047	61.8487395	69.10671937	72.90688259	69.35757576
LCC2028_52	2.103174603	2.547619048	1.976190476	1.452380952	1.531746032	1.976190476	1.095238095	82.62641509	86.82866044	76.72289157	73.1147541	71.95854922	84.61044177	63.71014493
LCC2029_0	2.262295082	1.81147541	2.516393443	1.663934426	2.155737705	1.893442623	1.770491803	73.20289855	68.18099548	74.68403909	68.09852217	72.121673	70.78787879	67.85185185
LCC2029_52	1.932835821	2.313432836	2.485074627	1.574626866	1.970149254	2.067164179	1.335820896	70.48648649	79.32903226	78.43843844	71.48815166	71.10606061	69.47292419	66.65921788
LCC2030_0	2.415254237	1.957627119	2.372881356	1.525423729	1.796610169	2.0	1.313559322	78.86315789	71.06493506	80.94285714	75.64444444	70.96226415	70.3220339	72.18064516
LCC2030_52	2.479166667	2.520833333	1.944444444	1.3125	2.194444444	2.222222222	1.513888889	74.85714286	73.60881543	70.8	62.56084656	72.44303797	70.3125	62.0
LCC2032_52	2.198113208	2.471698113	2.047169811	1.08490566	2.226415094	2.103773585	1.301886792	69.64806867	80.91603053	70.41474654	69.53043478	81.03389831	75.58744395	67.50724638
LCC2033_52	2.186567164	2.134328358	2.507462687	1.5	2.358208955	1.880597015	1.5	69.33788396	73.69230769	74.07142857	66.66666667	79.46835443	66.44444444	62.00995025
LCC2034_52	2.183333333	2.216666667	2.258333333	1.458333333	2.266666667	2.033333333	1.566666667	73.95419847	71.7443609	75.29151292	70.69714286	70.19117647	72.18032787	64.14893617
LCC2036_0	1.720588235	1.941176471	2.058823529	2.0	1.926470588	1.764705882	1.529411765	83.93162393	77.84848485	84.4	76.79411765	69.58778626	73.83333333	73.73076923
LCC2036_52	1.866666667	2.166666667	1.625	2.016666667	2.35	2.2	1.508333333	71.10714286	73.18461538	70.15384615	74.51239669	73.06382979	76.54545455	69.17127072
LCC2037_52	2.323529412	2.183823529	2.448529412	1.272058824	2.125	2.014705882	1.580882353	69.62025316	72.88888889	76.62462462	67.30635838	74.44982699	71.25547445	65.82325581
LCC2038_0	1.89516129	1.975806452	2.241935484	1.314516129	1.758064516	1.532258065	1.5	85.19148936	79.24897959	91.94244604	80.85889571	78.53211009	74.14736842	78.58064516
LCC2038_52	1.60483871	2.39516129	2.25	1.467741935	1.919354839	1.653225806	1.556451613	76.0201005	87.003367	81.8781362	72.9010989	75.41176471	75.70731707	69.69948187
LCC2039_0	1.846153846	1.935897436	2.551282051	1.096153846	2.429487179	1.967948718	2.064102564	71.63888889	68.01324503	77.18592965	66.64327485	79.14511873	67.38762215	68.40993789
LCC2039_52	1.944444444	2.402777778	1.861111111	1.361111111	2.277777778	1.847222222	1.625	68.0	82.47398844	73.58208955	74.69387755	79.95121951	78.10526316	64.37606838
LCC2040_0	2.436507937	1.611111111	2.507936508	1.26984127	1.626984127	2.007936508	1.849206349	81.73289902	65.14285714	80.87341772	70.4	76.64390244	72.98023715	71.6223176
LCC2040_52	2.446153846	2.092307692	2.415384615	1.384615385	1.876923077	1.507692308	1.607692308	81.05660377	75.41176471	82.68789809	63.88888889	75.08196721	70.40816327	67.59808612
LCC2041_0	2.231884058	1.702898551	2.231884058	1.253623188	1.550724638	1.405797101	2.014492754	88.16883117	82.02553191	85.15584416	71.23699422	76.87850467	74.45360825	79.56834532
LCC2041_52	1.942857143	2.442857143	2.307142857	1.5	2.035714286	1.692857143	1.9	68.67647059	83.00584795	77.25077399	68.32380952	69.68421053	66.61603376	67.60902256
LCC2042_0	1.585365854	2.317073171	2.402439024	1.036585366	2.048780488	2.06097561	1.536585366	71.32307692	80.25263158	91.6142132	62.54117647	80.19047619	71.00591716	68.6031746
LCC2042_52	2.384615385	1.769230769	1.769230769	1.876923077	2.569230769	2.038461538	1.230769231	72.60645161	76.88695652	68.10434783	73.72131148	78.44311377	72.57358491	67.025
LCC2043_0	1.948979592	2.193877551	2.408163265	1.846938776	1.163265306	1.469387755	1.408163265	75.76963351	76.59534884	89.42372881	86.71823204	74.24561404	70.52777778	84.34782609
LCC2043_52	1.845588235	2.492647059	2.007352941	1.625	1.977941176	1.889705882	1.345588235	70.21513944	84.14159292	77.0989011	77.73755656	73.69516729	73.44747082	70.62295082
LCC2045_0	1.476190476	1.571428571	1.714285714	1.404761905	1.714285714	2.0	1.285714286	84.19354839	100.6666667	88.16666667	84.6779661	94.61111111	93.80952381	75.92592593
LCC2047_0	1.607142857	1.464285714	2.392857143	0.839285714	3.678571429	1.767857143	0.892857143	71.42222222	71.80487805	86.23880597	57.95744681	93.78640777	68.92929293	65.2
LCC2048_0	1.865079365	1.873015873	2.650793651	1.753968254	1.785714286	1.388888889	1.642857143	75.47234043	77.45762712	85.85628743	78.91402715	74.22222222	70.97142857	71.24637681
LCC2048_52	2.206349206	1.73015873	2.817460317	1.658730159	1.658730159	1.595238095	1.46031746	74.63309353	74.20183486	85.7915493	75.40669856	75.71291866	75.50248756	64.45652174
LCC2051_0	1.87	1.75	2.32	1.55	1.37	1.42	1.74	83.61497326	78.58285714	98.18965517	85.31612903	76.35036496	72.98591549	79.2183908
LCC2053_0	1.875	1.822916667	2.21875	1.614583333	1.645833333	1.385416667	1.604166667	86.2	77.30285714	99.30516432	77.6516129	75.92405063	77.05263158	74.83116883
LCC2053_52	2.144927536	2.31884058	2.456521739	1.557971014	1.992753623	1.789855072	1.65942029	72.45945946	72.325	79.59882006	67.88837209	68.81454545	66.63967611	71.80786026
LCC2055_0	2.421052632	1.921052632	2.526315789	1.921052632	1.921052632	1.605263158	1.526315789	70.43478261	62.73972603	83.20833333	72.54794521	74.95890411	66.8852459	70.75862069
LCC2055_52	2.483333333	2.65	2.016666667	1.666666667	2.1	1.75	1.383333333	75.75838926	69.28301887	77.15702479	69.36	75.61904762	62.20952381	64.62650602
LCC2056_0	1.71	1.57	2.28	2.18	1.48	1.66	1.88	73.80116959	76.50955414	92.29824561	81.13761468	67.16216216	73.56626506	77.04255319
LCC2056_52	2.158333333	2.341666667	2.141666667	1.491666667	1.858333333	1.875	1.591666667	81.22007722	77.77935943	76.07782101	72.02234637	70.74439462	71.48444444	67.03664921
LCC2057_0	3.016666667	1.866666667	2.283333333	1.6	1.366666667	1.416666667	1.983333333	80.97237569	73.75	75.7080292	61.91666667	69.6097561	73.50588235	74.05042017
LCC2057_52	2.181818182	2.378787879	1.696969697	1.939393939	2.075757576	1.757575758	2.022727273	68.5	75.63057325	66.0	68.25	73.59124088	69.51724138	74.8164794
LCC2058_52	1.948717949	1.948717949	2.012820513	1.282051282	1.717948718	2.012820513	1.217948718	76.71052632	91.02631579	84.84076433	88.32	80.17910448	78.70063694	76.33684211
LCC2059_0	1.97826087	2.072463768	2.333333333	1.362318841	2.456521739	1.717391304	1.18115942	75.86813187	77.56643357	78.36024845	71.12765957	83.39823009	74.70042194	64.56441718
LCC2059_52	1.664285714	2.171428571	2.521428571	1.107142857	2.378571429	2.721428571	1.542857143	64.73819742	72.56578947	74.88951841	61.29032258	70.36636637	77.73228346	64.22222222
LCC2060_0	2.094827586	1.689655172	2.172413793	1.681034483	1.784482759	1.853448276	1.5	81.81069959	75.40816327	85.65079365	75.05641026	72.9468599	82.53023256	70.55172414
LCC2060_52	2.034482759	2.146551724	1.715517241	1.99137931	1.844827586	2.034482759	1.793103448	73.69491525	76.83534137	72.34170854	72.24242424	77.60747664	72.55932203	70.48076923
LCC2061_0	1.59375	1.9375	2.5	1.953125	1.59375	1.9375	1.875	72.39215686	72.5483871	81.425	71.776	66.43137255	74.58064516	79.96666667
LCC2061_52	1.725806452	1.991935484	2.346774194	1.677419355	1.661290323	2.169354839	1.298387097	76.65420561	78.26720648	82.24054983	76.09615385	75.16504854	80.99628253	69.76397516
LCC2062_0	1.784482759	2.094827586	1.887931034	1.827586207	1.715517241	1.715517241	1.836206897	79.28502415	77.92592593	83.37899543	74.90566038	76.64321608	77.14572864	74.68544601
LCC2062_52	1.779411765	2.279411765	2.382352941	1.514705882	1.926470588	1.823529412	1.735294118	78.67768595	80.07741935	79.87654321	75.10679612	69.95419847	66.58064516	67.55932203
LCC2063_52	2.103448276	1.974137931	2.25	1.775862069	1.646551724	1.474137931	2.077586207	79.62295082	76.59388646	80.09195402	73.88349515	68.27225131	67.43859649	76.08298755
LCC2064_0	1.992647059	2.470588235	2.485294118	1.051470588	2.448529412	1.595588235	1.698529412	74.05166052	77.46428571	78.0	63.97202797	74.60660661	65.49308756	66.38961039
LCC2065_0	2.057692308	1.980769231	2.596153846	1.605769231	1.682692308	1.480769231	1.557692308	78.41121495	82.0	84.60740741	72.40718563	74.74285714	69.63636364	71.5308642
LCC2065_52	2.137931034	2.155172414	2.112068966	1.413793103	1.836206897	1.818965517	1.25862069	83.5	86.864	83.02040816	70.75609756	77.18309859	72.39810427	67.91780822
LCC2066_52	1.885135135	2.317567568	2.486486486	1.452702703	1.668918919	2.25	1.574324324	70.62365591	76.9212828	77.16304348	73.5627907	72.08097166	73.69369369	65.9055794
LCC2067_0	2.198529412	2.058823529	2.198529412	1.147058824	1.669117647	1.860294118	2.169117647	81.36454849	72.98571429	75.78595318	65.66666667	73.37444934	74.02371542	77.78983051
LCC2067_52	2.041666667	2.1875	2.194444444	1.277777778	1.6875	2.034722222	2.215277778	74.48979592	76.21587302	79.40506329	63.95652174	73.61316872	70.98976109	70.67084639
LCC2068_0	2.31	1.85	2.06	1.56	2.14	1.48	1.73	78.56277056	73.85945946	85.55339806	71.61538462	77.68224299	68.62162162	72.9017341
LCC2068_52	1.890909091	2.1	2.472727273	1.209090909	2.236363636	1.772727273	1.136363636	75.44230769	82.995671	87.16176471	78.67669173	78.6504065	71.81538462	60.896
LCC2069_0	1.245283019	1.735849057	2.037735849	2.509433962	1.867924528	1.264150943	1.58490566	74.3030303	76.84782609	83.68518519	104.962406	76.38383838	67.37313433	70.85714286
LCC2070_0	1.462264151	1.849056604	2.009433962	1.41509434	2.113207547	1.660377358	1.273584906	82.06451613	83.91836735	99.68075117	79.92	90.57142857	79.93181818	68.56296296
LCC2070_52	1.62962963	2.148148148	1.574074074	1.75	1.731481481	1.583333333	1.657407407	82.31818182	94.51724138	78.32941176	85.54497354	83.40106952	75.43859649	76.0
LCC2071_0	1.984126984	1.841269841	2.920634921	1.246031746	2.150793651	2.03968254	1.349206349	75.04	69.22413793	82.14130435	64.96815287	75.80811808	70.92607004	70.47058824
LCC2071_52	2.141791045	2.298507463	1.940298507	1.28358209	2.537313433	2.02238806	1.71641791	69.82578397	78.48051948	66.09230769	63.46511628	81.95294118	69.77121771	64.85217391
LCC2072_52	2.398305085	2.322033898	2.008474576	1.220338983	2.144067797	2.228813559	1.347457627	78.93992933	79.91240876	71.05485232	64.63888889	72.30039526	71.54372624	66.08805031
LCC2073_0	1.5625	2.416666667	1.875	1.458333333	1.729166667	1.833333333	2.0	79.78666667	81.62068966	80.62222222	77.82857143	73.54216867	72.27272727	76.875
LCC2073_52	2.061538462	2.453846154	2.153846154	1.623076923	2.0	1.838461538	1.284615385	76.19402985	81.61755486	73.67142857	72.20853081	77.75384615	70.09205021	64.14371257
LCC2074_0	2.14084507	1.85915493	1.964788732	1.401408451	1.633802817	1.845070423	1.852112676	81.51315789	80.13636364	83.97132616	76.62311558	74.87931034	75.54198473	76.8973384
LCC2075_0	1.787037037	2.055555556	2.407407407	0.953703704	1.703703704	1.703703704	1.666666667	85.47150259	85.62162162	84.24615385	73.2038835	78.82608696	77.26086957	79.62222222
LCC2075_52	2.093333333	2.36	2.413333333	1.3	1.84	1.866666667	1.38	77.8089172	81.42372881	76.51933702	72.1025641	73.37681159	71.94285714	70.47342995
