subjectID	pc1	pc2	pc3	pc4	pc5	pc6	pc7	pc8	pc9	pc10	dominance_gini_0	diversity_shannon_0	diversity_gini_simpson_0	Faiths_PD_0	dominance_gini_52	diversity_shannon_52	diversity_gini_simpson_52	Faiths_PD_52
LCC1001	31.23483699298529	0.20276843875187514	4.1133155339208	1.6871764752969853	4.437762279700416	3.718375831554708	1.7064188355988408	0.4121748314914857	1.440229848876343	-1.5859128822917188	0.999120653424945	0.490819271275714	0.176242682589842	1.22172848195	0.986489340538258	3.16059409291603	0.895626090228582	3.81283952185
LCC1002	-22.849243379618727	-1.5272570710520184	-1.382397280773711	-0.029515582611976524	1.3630644939709262	1.0451379529348925	0.3836974977540147	-0.21498606132205333	-0.7611812706424801	-0.2130902086189719	0.992805725425085	2.84503597618178	0.910370866823064	3.13634368635	0.989192848746834	3.08722646999813	0.910082117382328	3.1834018682500003
LCC1003	-92.6029976207902	-8.117890060009026	5.937286009032351	8.250449902472164	6.953205942630823	25.67084051215497	36.52672123262093	-14.031446975082817	-5.542264155358432	-5.337801255050787	0.992636249420849	2.87931627599064	0.92123669213612	3.2105860657500003	0.957990468007708	4.56536773384603	0.980600823376919	5.84910284885
LCC1004	1.2203930178118196	-0.250544016996368	-2.1924460405983663	-0.7532811404134142	2.368309981035131	-1.6624506833173907	0.29883780408147986	-0.6123784388921362	-2.6833187323197407	-1.781557934170641	0.995050151242467	2.4869679549481	0.893059977150626	3.00765851605	0.992685185217871	2.79606369666347	0.89055032553012	4.18002183765
LCC1005	-39.67088127866768	-2.2424867124305417	-1.731204298397475	-1.1169878799712643	-0.04796156343533312	5.514153335093988	-3.2027359720099664	-1.0342159646996105	-0.3415782926680053	3.2238715806111125	0.995173870284072	2.40251556222806	0.843213622888996	3.904732123150001	0.981730908218424	3.71615002674488	0.95564269333672	4.464262119050001
LCC1006	18.473850496234515	0.28178384160098835	0.254889387193321	0.2087171692069386	-2.269856696264349	0.4283008103716093	-0.0005205266707713801	-0.38048874198339167	1.1475329030790764	0.599961157049655	0.994959567008367	2.48448841770014	0.871478456310243	4.127364042549999	0.993866238513018	2.57705832167386	0.867910882715172	2.6476727557500004
LCC1007	-41.701712930769496	-3.408715581496685	4.579018402874951	0.849444159888638	2.8889288972202243	15.276441068583303	-7.561741092340835	10.098061663107046	-5.436991784974417	38.68642190906579	0.993916835743452	2.65599890365441	0.884217543802482	3.2591177583500004	0.974954450125608	3.87640659125599	0.95285117629934	2.6661925223500003
LCC1008	25.037127104294452	0.28319906256444455	0.6883914346738841	0.48160413009167596	0.7608230562921516	1.3376880976655894	-0.2029310373646583	0.8722126511828497	-0.5618492176563689	1.3186431297052992	0.997580234706339	1.40713946164108	0.50883045041766	3.16878950325	0.992485949875673	2.49458898732156	0.789097548958229	2.6666909600499995
LCC1009	-14.846042365620708	-1.168384379618011	-2.7024567649288525	-0.6715597221044728	-3.8679523889459473	-0.9232719917878813	-0.04166994005198002	-2.337764237861955	-1.35752286642338	-0.8870244705542893	0.993801373634859	2.66121722496431	0.88285269465504	4.28497851475	0.989761106170644	3.17054310076535	0.929332859379027	5.47434451575
LCC1010	-36.45207440595839	-4.041674439100599	4.709050621854636	2.336168926504168	-0.05409932533825642	5.101406284175452	-2.062178711824962	-4.42314312165819	-1.18489153474296	-1.6699602098295445	0.994423146007216	2.55331494728036	0.86976015819318	3.3760560335500003	0.980092289675383	3.83554936419285	0.962988313052967	5.954686250450001
LCC1011	-102.37449487534994	-11.657259055530286	30.399949858925204	56.33322973613837	-1.6308789706993918	-20.08376597153757	-2.362223636431073	0.16690687883683017	-1.7398535588036126	-0.10670571263032164	0.989398450854935	3.22317656522014	0.93505381912578	4.575378606649999	0.969537116886158	4.19556237387714	0.96978731764934	6.660614478449999
LCC1012	-12.000299224991295	-1.587454701652892	-7.833261060023883	-1.8793216705223952	30.556367503583864	-15.325407674761724	-4.376345995375379	-12.775028623241514	-3.1280345575530295	11.564101261367625	0.995087107997794	2.43011415605135	0.863590457564	3.59698726385	0.989028366023167	2.98179810746893	0.8541560056857	4.30890386685
LCC1014	-77.3263140503383	-4.3790496774736685	-0.312217974278292	7.180821160895933	7.176312429767962	4.280093236596633	3.416320182948376	20.730449488894298	9.199958117410556	2.5624826542033023	0.992692517815776	2.5087502664545	0.77404237152618	3.57547329045	0.975087575363215	3.97720900270171	0.962922034876014	5.43103795225
LCC1015	-1.0903012140144646	-0.4150401123097539	-2.015875906403916	-0.8252408884275694	0.15116446163036987	-0.27090167684572813	1.436401671578029	0.6454900330651963	-1.8182678025266121	-2.419769261020625	0.996619403040762	2.07635304968027	0.812390167700458	2.17809087795	0.987674173857704	3.21656958742097	0.906371176129553	3.47194515045
LCC1016	36.47932448227892	1.1721000266724741	1.540165335126356	0.674145342424548	1.044104991975498	-0.11612515533809765	0.4068832644756516	-0.5834602937559294	-0.03796464603366752	0.017744591479257915	0.99534158298101	2.42786668404019	0.874708122278347	3.0453438372500004	0.996066353094589	2.083038036047	0.776961854705663	3.28472370965
LCC1017	-0.5273063119704788	-0.12257489225895872	-0.7956278384653779	-0.16009129196728905	-1.918322411890613	-0.45314089225618487	-0.6649833476582135	2.2505380544092395	1.076939036970091	-0.47923656373127105	0.993200632505641	2.77861249969969	0.905769123600726	3.970148097450001	0.99301512119943	2.67887128541594	0.874866486547869	4.3563779377500005
LCC1018	-11.383187513706641	-0.7679283169794607	-1.4793884605019354	0.34461375544990663	-2.8083604046152617	-1.5931003691796575	-0.559608968757119	-1.106679846736729	0.8031696048346174	0.03743133562608296	0.990759701847473	3.0900360966257	0.927981821001071	4.12622029645	0.992152022428554	2.8493005821635	0.898848455908643	3.68308700675
LCC1019	4.757522282483695	-0.08438545738127978	-0.4288160964323901	-0.8416852256009268	-2.237025471483899	-0.6953245432398072	-0.8228641289028613	-0.3497748255722029	0.5093695440212681	-0.3003693666459603	0.995464918851511	2.23939737516211	0.790608655048483	2.62745882675	0.98967946284734	2.90849440538698	0.859768176163515	3.68162658895
LCC1020	-42.84978104843816	-7.98772568143867	30.912815699334423	-4.993260634134762	11.97406715580454	28.01940824145079	-33.00085101839817	-6.5100819293389005	-4.418486220252468	-14.962222139524062	0.995784188416989	2.29088033723241	0.84966009313496	2.7582653119500007	0.968815954193968	4.22701763326001	0.972651238298003	4.84273129385
LCC1021	-1.685219546160104	-0.6073903634390451	-1.2783333637594185	-0.2508491311341948	-4.347065641385577	-0.9905799137689638	-0.501129632949458	-2.4626505152192184	0.9095318995961709	0.2594087810812642	0.994941662179643	2.50497621263965	0.883141974320158	3.3009283227500004	0.990245581542721	3.11944117670438	0.923931815538977	4.36007453915
LCC1022	1.6081616552560825	-0.47935913861154755	1.0624448766683405	-0.5979304167039021	-2.089192465535903	2.2527449513994715	0.6608347751396878	0.40350980691054716	0.9098372701569182	3.7988775468589044	0.995401755837651	2.33321111679097	0.834333087835754	2.98253206675	0.98812079984677	3.24002626941794	0.931077441970414	2.90959518855
LCC1023	6.357340927340413	-0.3109795677137417	-0.21849417375830385	-0.03105207912215545	0.6042238895718676	1.1228508975717064	0.022287122152264024	2.9821495293881966	0.015796875365208695	-0.36754679076619456	0.994270192277993	2.61099421527552	0.88517710041856	2.16523380755	0.989822987153786	3.08654643384142	0.91395644081976	3.48954129695
LCC1024	-7.157758594063033	-1.1225613949839395	-0.5807574060251125	-0.15975041821718286	-2.0136023338682656	0.6703956275742716	0.11544643887748134	-0.9570569753695722	-0.7249804241677845	0.4575299264470051	0.995386828059976	2.38692055342509	0.860996609054082	3.0343550327500006	0.989201000078401	3.14946626632105	0.916661090688549	4.85192652635
LCC1025	-6.290988512315821	-0.9359967719701598	-2.0402498474404878	-0.0028116423012711114	-2.7781543057715035	-0.6754576239735846	0.4449971742007921	-2.87998364057876	-1.0436638250774004	-0.16283644901563335	0.993804842335155	2.70205338197205	0.898535025120894	4.533896770949999	0.99203991786339	2.92781904600076	0.914463077926812	3.75331780955
LCC1026	-5.0937322719005245	-0.4995520140063117	-1.5777431992997404	-0.5604561327701194	-2.655705919810725	-0.9769455780262234	-0.9856251365574186	1.22753957790162	0.7507017721395624	0.013084827176204536	0.992332039823498	2.91033645512226	0.91432956399074	4.68173594765	0.993664379424874	2.48179655269973	0.816191309862203	3.36727320015
LCC1027	44.05187434675842	1.2540303395316743	0.8515569289058375	0.5942108172501056	3.5726999646263864	-0.6852005325549648	0.9437174885856034	1.602342440887117	-2.2148759260983346	-1.7045692212607984	0.99875476121028	0.668664591460403	0.223422542129506	1.2894946482499998	0.992571506622409	2.8180984222139	0.899817735203598	3.0779167334500004
LCC1028	4.414116908940093	-0.08540584838493169	-1.598863779348673	-0.003925193490128251	-0.639735306757645	-1.5020547932990582	-1.0068791212438033	-1.2093425820529682	-1.3131884794333983	-0.9811181981796241	0.995602532043311	2.26203990793992	0.804384107790565	3.2516657154500006	0.992016448735657	2.91398646795584	0.909483472803822	3.4512700594500005
LCC1029	1.1591365832015688	-0.16357775018556286	-1.4186336954282683	-1.1100931726444339	-1.7863766216304455	-1.5855320197573388	0.0659430744183217	0.2881302237959999	-0.9238117419910867	-1.38599869952725	0.996957194786729	1.78738847539729	0.676840913652836	3.38500156955	0.991027095943974	2.59208773848769	0.783332321323677	4.045714886949999
LCC1030	-46.14915920563866	-4.151910095722715	5.679574383050233	0.021160632703744815	-3.5905341751628557	5.501991397180893	-0.07236533671692094	-4.375692464118952	-1.976658394637408	8.569043721243817	0.992814277103648	2.79380770323882	0.889777218439252	3.67632771585	0.975543040045306	4.0129122426013	0.966363980382305	5.565421895249999
LCC1031	-6.493785096232978	-0.41746403560559453	-2.8407773742196003	-0.7833202872069116	2.084522291348087	-3.6312443513300305	-1.517979736417123	-0.8578481829890139	-3.210272895659271	-0.7389900029835246	0.99345234076117	2.71755444273452	0.88775711509464	3.671121737650001	0.9922884667444	2.90067525543458	0.911745975791755	3.65071115785
LCC1032	-18.753223890819218	-0.9744607389284865	-3.4355912983405497	-0.656800405959498	0.39219510769765137	-0.6224353288501762	1.2252342326397716	-1.1569832424965014	0.011613288492556667	-1.509806569135812	0.994872372752345	2.27997518044088	0.76619925105396	3.76115191775	0.986623273510645	3.23520899704542	0.905162205941852	4.7444441183500015
LCC1033	-12.214783492229882	-0.9555618624612345	-3.7003262192258277	-1.2787956024238747	4.16904005357518	-2.691501575444006	-0.9200312691826554	-3.855820695714789	-5.566894398253254	-1.3298108359120928	0.995449966354109	2.23671624997653	0.79926570832238	2.3236174917500003	0.990004840926641	3.05038470200022	0.90330128035794	4.17597847645
LCC1034	-4.325178085130763	-0.2821163885468687	-2.130430582053091	-0.785740475372867	1.1950587371439307	-1.1851245857886712	-0.6016265560409186	3.271297543681149	-2.251160518964499	-1.0652184896395915	0.993553090012976	2.68677573002197	0.882599607386265	3.71715475635	0.993640756536128	2.12647760029023	0.67757032391722	3.22021127465
LCC1035	-66.93841025404775	-2.3721122132997543	-1.8107723106678197	-1.9422884350764942	-6.407390469380186	2.3305970069177704	-2.426469520555747	-2.69808545804296	3.814069464496137	0.7023909858166567	0.987313817319334	3.43139286346162	0.95419870723676	3.63805708115	0.979965951168133	3.71544394623498	0.944670436548638	5.52253650395
LCC1036	59.1992792587493	1.519415204914271	3.3127650188753663	1.2597395470199493	1.1605657265008058	1.0298444537481268	1.2563732031852912	-0.0816576402806488	0.5643132065395099	0.240450604189497	0.997086744149836	1.74484513905744	0.652489322702903	3.05933058595				
LCC1037	45.00597028473503	1.1148924600191117	1.8502069022063408	0.7857157028596862	1.890382996045557	-0.35262588021729374	0.191529856461105	-0.06238948571777624	-0.6050026054380864	-0.05563454115628112	0.998304286045229	1.37175572376449	0.6428891503651	1.7057818689500002	0.995400274205146	2.40947542056458	0.875463732413725	2.7836119112500004
LCC1038	12.81434373015164	0.35427083234544016	-0.9239266924921905	-0.2040067935809965	3.7390318474949007	-1.8217797359124608	-0.1627395984229001	-0.07525307741571159	-2.3935004929947055	0.10774676876119492	0.994839887290616	2.52003237175837	0.881133452492001	2.8366425375500004	0.992643289281602	2.5506701356921	0.806167645841909	3.1449377963500003
LCC1039	11.334416979574774	0.08071899892147252	0.2035795355424399	-0.2330744927540082	-1.2554968050937254	-0.9560986586962733	-0.5713856802394042	0.573209238624113	1.3649340505593146	-0.4564563562294384	0.991819571428572	2.94721607167296	0.91066254363364	4.493959931649999	0.994926436282494	2.39680271844409	0.842749947218161	3.10577859415
LCC1040	-17.538910109923567	-1.1039763359089294	-1.769166384046477	-0.46730137113187914	-4.458755884105049	-1.2638100623986812	-0.9503784620942981	0.1348225392801775	1.345489261597996	-0.3792481315273576	0.994196970572482	2.51734848967506	0.85085404257738	3.63440827605	0.988502543968844	3.23650897692821	0.927974530045597	4.58997975565
LCC1041	40.58653632409867	0.9621916781951787	1.9498343349662735	0.5972458747438983	0.6431232112585576	-0.06718401421770052	0.6804871077214428	-0.6913708039978039	-0.022285104807283	0.19254940665922946	0.992525658325925	2.8686002862878	0.910751814540614	2.35760500145				
LCC1042	3.714068224047283	0.3486108670931394	-0.4210869740947387	-1.1877748029593642	-1.1492642624458251	-1.063756587174211	-0.7095954503623673	2.892565497401598	-0.7086787209018691	-0.6531344341243186	0.99566012949456	2.15051243435499	0.747762884356376	3.74800238985	0.992934685351806	2.77960906743967	0.904322124934344	2.25567969945
LCC1043	4.832048122666483	-0.29520988708957024	-0.19881150089787664	-0.009231121356737353	-0.7294568808756117	1.5088396473820653	0.8085234594046815	0.18628934476428533	0.7832428021905178	-0.06893328485365549	0.99461930886566	2.46307432126717	0.835251787139397	2.7722197921500005	0.99017657802646	2.95754355353272	0.894808649607584	2.84830214705
LCC1044	-24.30686409608231	-2.0939952957099917	1.9038751066807986	-0.2879974904211438	-2.147772096862629	5.686647342185743	0.5794181767323117	-0.5864967887814269	1.5492633601151489	1.8653380186741257	0.994590811010133	2.46381931968196	0.857930722520197	4.36388371395	0.983366602733785	3.57203913643378	0.944264606869302	4.709196412350001
LCC1045	10.702147801535352	-0.23888092724406151	-1.1692646672037552	0.07844530532103419	1.7672818781125068	-0.34043855113551236	-0.3612014987975607	-0.709881625274754	-1.8247777254370032	-1.3090344445884836	0.996416586017831	2.07876130765508	0.800903426545397	2.9912839969500005	0.991118322349971	3.04585952203729	0.925922891427906	4.025789716549999
LCC1046	11.492677044121855	0.0445362835298652	-0.9375328201747566	-0.08783383551853415	0.48448214548073704	-2.175921810215205	-0.4881217234442952	-0.847716613639449	-2.769424263989229	-0.7975413328984701	0.996546020216444	2.10569940717893	0.812663156996065	2.3616989112500004	0.992841633647098	2.83812076237064	0.913129201794971	4.30551258645
LCC1047	-64.55117619754559	-4.816718253855032	5.541819911873206	-2.3379126490959012	-3.1576103323964495	5.624502966422039	-3.657148419269642	1.9931997343845116	0.5003828835454501	2.565145369804172	0.989217741312743	3.16516680895386	0.91780616867402	4.88640152365	0.967571221488512	4.16086563759984	0.962159264758556	2.3575330496500007
LCC1048	-3.8970811871154667	-1.1928731395721182	0.6743881633222547	0.0732504726785872	-4.39161185771327	1.738461454464145	-0.7529646260290643	-0.9154936000419955	0.23280884601527105	4.561611691177691	0.996135219415334	1.97893538528633	0.69763366746068	2.88114074035	0.984188393417933	3.45707839257309	0.92682531786345	5.28900857785
LCC1049	0.3929717997839529	0.19971875387410956	-1.320568996318601	0.012740074971673543	-1.488458028860759	-1.1404891677025177	0.026969637558084337	1.2545926716248406	0.48353731809666345	-0.6309455407777695	0.993836745734914	2.44448615029623	0.789806787482975	4.21245655335	0.992300356430286	2.45313620775361	0.768977361672394	3.1589940198500006
LCC1050	-35.38001398823609	-2.0566568144384547	-3.929350170060277	-0.21723036167462945	-4.937647901045022	-1.5380394791168426	-1.3605007860454312	-0.5682511408582297	-1.643589506472836	0.7752784004910998	0.988314908349153	3.29213361243923	0.934735850403942	4.72846902115	0.988116286536659	3.09063826606582	0.885155157860768	3.08700329875
LCC1051	-1.8860111073945725	-0.45195031498641164	-1.9107133940745251	0.08616489708995397	6.754133460325506	0.07859524194537741	1.9271859726659903	1.3796348029083003	-1.203928248044007	-1.6529866224695564	0.995635127674602	2.33067286647456	0.849354617712673	2.13534276375	0.992076438825359	2.79209025658707	0.87317728166475	3.85824667445
LCC1052	-3.71452510494734	-0.40734647742652363	-2.1965521145088975	-0.5078654079017141	-1.4113519996545476	-0.9288372828546371	-0.7392586107440273	0.44018806690368956	-1.0835433686290907	-0.8069814207766774	0.995263480548772	2.43105149981007	0.871633820329824	3.37242831155	0.99225302112271	2.76822508938449	0.871313105668972	5.206660876349999
LCC1053	-5.087152216667352	-0.5022946591751221	-1.4767906367760733	0.057419208757821964	-2.0463487965082514	-1.0780223229660966	-0.5445683041056127	-0.4792905295943926	-0.028702030834925243	0.05641548583056719	0.992266620295575	2.92039902993141	0.923288519706211	4.83306378085	0.992953004951803	2.60400540594942	0.841241441961143	2.76161599115
LCC1054	57.26710301603204	1.7977622027078217	3.238721111431859	1.0959837224799263	1.5090886083357493	0.9724031449600257	0.8036781795422043	1.5613728253373627	1.804842706307391	-0.18706383542751354	0.997554738176144	1.64464507529722	0.659988857277056	2.7976197699500003				
LCC1055	-16.308610108772925	-0.83980616453978	-2.1811938285569634	-0.7747359717852925	-2.5890603414708617	-0.512513243822444	-0.6907480921759228	0.3804431393364207	0.07828220490902164	-0.49455240491134517	0.993315677158374	2.75349450720384	0.896524229729337	3.95333092655	0.98805190270428	3.23542086499356	0.924064054956253	4.15910368765
LCC1056	52.320628227756515	1.5823603350264965	2.8734764110274913	1.287607181728339	0.2814520335939227	0.6000170772714624	1.1420633972931697	0.06814643346521958	1.0484941777171128	0.1414089463760219	0.995715170299878	2.3336055895994	0.866165520404177	3.35861119415				
LCC1057	-17.106761679363682	-1.4686400430896354	-0.2026641714088355	-1.090491800508357	-2.4208260085693674	3.006355987991405	0.7262602336574996	-1.4114215609959375	1.034308792303413	4.549287916354587	0.995389141683341	2.1996768286593	0.756121330739878	3.5511430847500005	0.987314340430176	3.14032556688809	0.882151941356603	4.37455827405
LCC1058	14.323312554224032	-0.44990908933811863	0.43693181848407897	0.03155289236077764	-1.243806969111341	2.288438523521199	0.5120992982236496	-2.821896958650524	-0.7375875480771595	1.1768431388140554	0.997280302809201	1.8094743791294	0.720967157930701	2.12130605785	0.99043620891676	3.04344554182443	0.909768186108328	2.58044129675
LCC1059	74.67858759819457	2.0740989209996874	4.661532899788633	1.9984281563058164	1.9343546745032563	1.8678420610171014	1.9852574979756936	0.16243279054549783	1.3565435979128495	0.2995231585515072	0.998960352723932	0.739839743725711	0.300273398094258	1.23175548215	0.99534084746569	2.10279663850949	0.74508988559991	2.50982516755
LCC1060	8.634825066231347	0.07395739476213446	-1.7750758431913574	-0.08393788540682094	3.825542504155652	-2.5720428058580858	-0.1389719805267574	-0.8994674775533449	-2.689770943087085	-0.7495558809989733	0.997780091343044	1.58399208673938	0.681084204398931	2.50621887525	0.991021372942278	3.06070367044465	0.925714378748414	4.34118318695
LCC1061	-17.776034261498022	-1.6227773146745377	-0.09935083207431224	-0.7456575810390481	-2.8525596669000386	1.691901425485124	0.19456878321005705	-1.4310837719411937	-0.11362632253309353	1.2622589225559242	0.993431633605883	2.73941373449213	0.898045953794371	4.521511386749999	0.987902637565773	3.20228106056983	0.92497199460967	1.4710636690500003
LCC1062	-45.956969273905266	-1.662455814673017	-3.6567575505111733	-1.0040449767195494	-6.645192395029124	-0.04729500031557322	-0.19929453249786488	-1.061141120283882	1.5479899258096237	0.7383089001102983	0.989599616090006	3.04846530404246	0.890971953569723	5.20670991125	0.983612852612813	3.5410103668651	0.9406076083291	4.4351590213500005
LCC1063	-13.699498902797865	-1.0790848610722623	-2.3184712789498243	-0.9818100506824465	-0.8395866738338762	-0.23542183814831041	-1.207448503354698	-0.7820749230705034	1.1744877027353846	0.4189547560825561	0.994913147404574	2.48207216753995	0.868213952077104	3.70242709125	0.991067236558462	2.73763565080271	0.847660850259262	4.15296283015
LCC1064	-14.073364336625405	-0.9479240525769268	-1.9905646091600517	-1.0755170829324905	-3.070593790278113	-0.588701414836783	-0.24965156059204094	-0.14316461880738976	0.7589562730710967	-0.17761627127729235	0.993022551682294	2.82073202098677	0.9096244862735	4.264326990050001	0.986466733115972	3.45565969634108	0.946670534679856	5.021589036549999
LCC1065	-15.491976860833596	-1.0597447032399592	-0.8235887376048365	-0.3497500015018886	-3.4808454866596485	1.4148404649335236	0.6604549390677211	0.2046005339922513	1.555365677352044	1.5990576295374048	0.992484198786541	2.89618906586072	0.91970677478818	3.37732804295	0.983772840508541	3.58653928567972	0.948679425175125	3.58482412085
LCC1066	23.799284763141458	-0.04011319205317217	0.9129595462782704	0.10767348193855455	-2.484507742405774	0.5518835595919492	0.9765686521937117	-2.3309299250729256	-0.6120050976096153	0.5618909458148054	0.996720763485935	1.90242616318818	0.71493020650004	2.21029675125	0.991601331311659	2.71878022906227	0.843897636146542	2.10472228225
LCC1067	-29.778710985846132	-1.733913744058451	-3.2806985581182726	-1.0515527030400136	8.688065102366332	3.680040292269516	5.120123265876962	2.761825524496647	0.4116422032016678	-1.4595236602018666	0.995222919672413	2.35373228435059	0.824005950514622	2.7100055565500005	0.978486188417488	3.93286602514754	0.968369235223927	5.60939847175
LCC1068	-14.265242794730698	-1.645442193027045	-0.49389536023011	-0.44206700444283337	-3.2930232614879946	1.6191753475730173	-0.2341444881111182	-3.876966688078802	-1.9303497096265738	-0.6264035625052735	0.995927181861669	2.23151965104362	0.826290871202543	2.83311542855	0.983208635533867	3.54757423398709	0.935255605974455	3.47927562535
LCC1069	-44.272434619767125	-2.439847825659733	-4.685654553020321	-0.897840387484116	4.360149614969143	1.9050089942518018	2.402626750607648	0.17628467736512443	-2.226225261706962	-0.929163633479493	0.996226370223851	2.18682704242101	0.82543899336231	2.7906111223500005	0.978543588510835	3.95050162779736	0.970840192989877	6.48308067515
LCC1070	49.598159526745704	1.2176375183389854	2.825461497879185	1.2687925110957623	0.30473015669507475	0.9709286569027497	1.157967870426569	-0.03892337420195358	0.6618953192871667	0.32698054145285504	0.99606467213075	2.05267468639965	0.737969159519574	3.75405380485				
LCC1071	1.1067444303479044	-0.12016860161262165	-1.0253118209539689	-0.2235291547592793	-2.2229097741911112	-0.6203948018206564	-0.31970855396512826	0.09166733402063128	-0.0844421222156169	-0.015519433560987166	0.994593894208494	2.48473763562593	0.85312474085348	3.45770231505	0.990923891290129	3.00804367044609	0.905837232203557	3.85851211215
LCC1072	-19.938270328552374	-1.5439666096009421	-1.1513005454245122	-0.680704988785209	-2.3259471435581536	0.5580205977412882	0.15242922040803544	-0.16462599611583584	-0.9079059155159415	1.1521231928535507	0.994036281863639	2.65784372660128	0.892998578085847	3.64350155015	0.988090536601868	3.21008585037344	0.918218125426406	2.97201990505
LCC1073	30.262993490356582	0.5820812654792227	0.6834402163977312	0.6844814719396708	-0.6904464399626609	-1.2937763175499053	-0.46172861737379495	0.5945255893341962	-1.6001150971715281	-0.3208946602006082	0.997157278195934	1.66525533841923	0.612640752280656	2.3573924257500005	0.99212112701134	2.89339916183185	0.900932149124141	3.64539344965
LCC1074	-42.00146752843361	-2.116630370171101	-5.232121121845192	-1.6009054424475397	-7.507416926732962	-2.308214829336984	-1.388270089757846	-2.990585911735685	-1.963555910987935	-0.9759424402439806	0.992398992388306	2.90458177872086	0.91869662493914	3.92148707875	0.981963414809799	3.71387784967433	0.955157172646369	4.76751221515
LCC1075	7.31074673780858	1.004826536234669	0.012404644221492456	0.5519518750540104	-3.3784106416315756	-0.0003378664823318598	-0.13028523871694367	-0.23454879253040545	1.7677421927604082	0.7478653635766894	0.991088103556084	2.98463476093124	0.902302177121193	3.88554992865	0.992759638375425	2.77725533230326	0.888421626533035	2.0938508455500005
LCC1076	-20.54270250722983	-0.5159609045587429	-3.110881024934165	-0.9724072360522733	-0.22637007216752797	-1.0306779430035165	-0.9936834057701514	3.565544094672482	-0.564325672820944	-0.4081418285083397	0.992913469914156	2.56170162607662	0.800904497506349	4.11363255845	0.99187958414536	2.84800840987132	0.890783923752534	4.48692259635
LCC1077	25.942080505300265	0.5080065633174285	0.5885626788602727	0.24065389200756515	0.11964660726210558	-0.2563183461015655	0.048585625265396004	-0.11121972013288349	0.956976172706198	-0.09669258596187431	0.995861927550636	2.29373628479009	0.850161838274667	3.02976831235	0.993804517433555	2.69353488622072	0.900453783118902	3.75039938985
LCC1078	62.753173638199556	1.7341624125778252	3.644130231983651	1.5259382204473444	0.9449840041482798	1.1428237670768087	1.240560087297255	0.18202909996192013	1.4106918745363064	0.45772213205148676	0.995852705538046	2.2830715571415	0.856921980510126	2.3807739589500003				
LCC1079	-56.89606831785215	-2.4742214452222644	-5.50174519909241	-1.6787828169463874	2.6900220470445384	-1.2269870814320927	-0.007432045290666495	-1.0150635501615042	-1.6565454491524665	-1.4550409213913291	0.994342058164131	2.59479179325485	0.882831341107048	3.99015416975	0.977330675460536	3.9997343014803	0.971702461465178	6.6114627533500006
LCC1080	34.62874687392558	0.8705387288977211	1.5716605777681323	0.7851899318320705	-0.9445837117058897	-0.10796734071615392	0.1429616500348196	0.2184213766910848	2.1545708610626115	0.25932024829840705	0.994045587259969	2.59004612263458	0.865442714292338	5.11547853965				
LCC1081	35.517159058575785	0.7305548833791343	1.584229786721271	0.8956516064136347	-0.24694354735809235	0.38799300529377856	0.279677831017805	0.2935703668513243	1.6289346424011464	0.27870632016816604	0.992831101158608	2.84025913201664	0.911209409917648	2.9195659481500007				
LCC1082	51.67348160064984	1.3377531623500023	2.4865253971028696	0.9613294884945716	3.1435739829039795	0.0818971503453431	0.38159802874044535	0.5437447502437998	-0.5834268365922334	-0.03913845426267154	0.997705451360178	1.70842226925834	0.747458889453675	2.12463183355	0.996672284614799	2.07082774453249	0.840968864203561	2.44993692175
LCC1083	-7.89969914291697	-0.8071804108096653	-2.031517670055721	-0.6662233926700113	-1.6642609266706798	-0.09351459788875324	-0.4535748626590111	-0.42223552896432137	-0.14413128276793805	-0.17950930858335132	0.993728610741316	2.7058568155952	0.898247722396955	2.7886418835499995	0.987406393334862	3.25626153991748	0.918598999586411	3.40555385895
LCC1084	-21.144725861950644	-1.3032199096099668	-3.4476016783339616	-0.8498085945934304	-5.277663125834422	-1.4012694678254431	0.32001927047497974	-1.3136951567339903	-1.892132652654409	-1.042502683752126	0.991378414195756	3.02503142069868	0.923514662372763	4.222234887849999	0.989916733825025	2.89842029119205	0.862814038012867	4.27591750995
LCC1085	7.633883816019057	0.23051496846944297	-0.9519297982969178	-0.5389558135114076	0.47029540205961706	-0.5718955595504278	-0.6284562935433984	-0.08208345369482306	-0.5746367879377682	0.6162143836868613	0.993636162221471	2.73402291388976	0.908077297260245	4.169949269449999	0.994010992246679	2.1429928332381	0.714459124445726	1.94541232915
LCC1086	12.66349117826442	-0.04068867712024029	-0.342474295287877	-0.06829905131019105	-0.49710036454884754	0.6537012749275308	-0.7254598433035527	-0.01038717293906275	-0.5403160015115771	0.20808099441393046	0.997163164573284	1.82593380850331	0.733298401982651	2.41614320585	0.988885857664084	3.26276873482529	0.937066506542912	3.97099179435
LCC1087	-5.7106449846172085	-0.964768731203702	-0.6293751361920273	-0.26649719054446525	-3.305064347389918	0.5672648313453283	-0.4380740577890746	-1.1007586515650198	1.0374492541377802	0.8871234494983254	0.99346394651127	2.70688670956259	0.884203976130063	4.30172291865	0.991160784660674	2.82654701905959	0.882510272012556	2.94263078035
LCC1088	-47.98032446854864	-3.7668148107994144	-0.3327382222000051	1.8409803055547302	-0.2619392387333838	6.234438201670198	3.089787901405865	-1.502178013875458	2.6223754868504403	1.7774552961622556	0.99561254137041	2.31106446995753	0.841257561821624	2.46108772535	0.974239412477864	3.97158151821004	0.957085384800234	5.01798615905
LCC1089	41.53402423914192	0.7575494826686623	1.3657786040432371	0.6456371648943021	-1.3427168976062573	-1.3573750139502803	0.3662366272764409	-0.7481083860674075	-0.48764673912368284	-0.963543790369185	0.996239536027704	2.15157812400445	0.80180618982241	2.6494635731500003	0.995111081434593	2.14396665844966	0.715838296240133	2.10843791105
LCC1090	-14.844855384787415	-0.5049244929536474	-2.660986853948314	-0.8685254854197508	-1.0540242228230439	-0.8505800613734805	-1.8610542081261214	1.0424033787602502	-0.6697236356259346	1.110808485999458	0.994980238698107	2.42660655549662	0.840069160971674	3.75122171725	0.989940526241709	3.15465142381842	0.932314519420395	4.65246873635
LCC1091	-12.159065556349317	-0.7559239053887916	-2.3228840538261672	0.22272821305755874	-1.5412982484273283	0.6682644790500276	-0.8367578355178683	2.0968230907493255	1.174898261321819	1.1261598833691486	0.992970870711527	2.62141284853262	0.8371686257373	3.5268143596500003	0.987496385420247	2.92623750747702	0.821024535548805	3.81192436525
LCC1092	-1.7272569824618962	-0.8169474820228165	-1.581851714836128	-0.39996498708274986	2.787963594503799	-1.7298491167797307	-0.41398552424998714	-3.123134704724738	-1.5045157732091101	-0.07568168079633798	0.99365230113026	2.72842743221031	0.903250791572429	4.47514693775	0.992545200021574	2.74090179673582	0.88855773262371	3.3706952663500003
LCC1093	-24.388932934373603	-1.1504177274958667	-3.2309480204013825	-0.7314094616621261	-2.7848400039458667	-1.7304860098262995	-0.646278083925845	-1.0597405467906826	-1.0276962405877414	-1.084020714593339	0.993472305093152	2.75693873801659	0.914268120765597	4.06209969675	0.991116197744421	2.96025892505293	0.900071613923088	5.011033434749999
LCC1094	-33.47066285758637	-2.229638663110336	-1.4222154086180891	-1.5706216990815383	-5.170959754538079	0.02021192836953807	0.49774215541737843	-3.5877356475818614	-1.1030057286683834	0.752565125474342	0.994054683189252	2.67712495991843	0.907731462459463	3.42967695745	0.983099144141342	3.65622325440693	0.953357851510141	5.69802403145
LCC1095	15.191330485672395	-0.02477741835843988	0.09363085753566493	0.358981368156273	-2.237483921431136	-0.04868783206820956	-6.629812598992712e-05	-0.871356379825935	0.3830074643591446	-0.0684990352735692	0.995655672511241	2.35352342869296	0.878607253420189	3.1719902024500004	0.992041065400517	2.92672718291669	0.914662721516971	3.14427422415
LCC1096	8.277390975808729	-0.19253801635104387	-1.123002188968525	0.008915888270012521	-2.9146915548913994	-1.2844388040629053	-0.28145187122482423	-1.2596638076103917	-0.22091519111410657	-1.1956428819848113	0.995536408654579	2.27448429551477	0.817157715099175	2.9799686504500005	0.990517872124535	3.12960625419012	0.93482864217414	4.59957166965
LCC1097	-11.845608245336523	0.44133508739289923	-1.5368963070574824	-0.8652055873884752	-1.3363627451502513	-0.8646707830085073	-0.7452667622570155	2.4842107979896455	0.25439165286056564	-0.12966714989894848	0.992001608659561	2.86047512155701	0.891072879476176	4.39926007155	0.991102325000715	3.03003320635437	0.928230746511124	3.38493280485
LCC1098	33.38833452557713	0.6933300749600264	1.4711812556508919	0.5388504990201324	0.11424858001741156	0.1407983715588965	-0.09235438511025847	0.7038171647294764	1.202015448510593	0.21270099373842835	0.993073478138626	2.71373049719989	0.870946991699696	3.73166625095				
LCC1099	3.161164867869679	-0.05725256971264178	-1.2284533011653782	-0.18292061489354347	0.7778200439503523	-0.04444271054519807	-0.07602721581978525	1.758040351341313	-1.0325644287105191	-0.12529193559176444	0.994250264739503	2.63146372201456	0.894022880026868	3.1808064873500004	0.992598096066112	2.40386759182742	0.785387419323399	3.32305044585
LCC1100	40.878698839536966	0.7807616499051812	1.810093257498816	0.4774493903675869	0.05679688178800291	0.5938622745816821	1.355104479505944	-1.7953211457912304	-0.08419034964676508	0.09402451211092228	0.997723869891154	1.6980514241778	0.7640896633222	2.12736869565	0.991783818643134	2.85673179061087	0.89112273964008	2.73278014185
LCC1101	33.27322992968533	0.6036817569394873	1.3987123385340474	0.5440531379426612	-0.39063090799964933	0.501981230150705	1.42865369092777	-2.0655212400140046	-0.803869767430251	0.812536657639081	0.997222193266833	1.80974477217719	0.720416231849924	1.46555047795	0.992405343883876	2.81136977995034	0.886633191524271	2.98112908005
LCC1102	-43.70678603715737	-2.3462249937906168	-3.0649381768459905	-1.6965855058669972	-5.069495743614881	-0.9558567336208013	-1.2485080916353728	-1.085934419611235	-1.0695028007118013	-0.6377814737716639	0.99035783778475	3.13977238671784	0.932626121733211	5.027811868050001	0.984112202327381	3.53978310684274	0.941186892833969	4.98992952965
LCC1103	20.755030994778963	0.23029516741759498	0.5005720239026095	0.3727093320084185	0.511946889829516	0.5120252812470079	0.28451399994048576	1.1669993758103945	0.4456100224352385	0.018953277587536864	0.995770568964812	2.29100446483679	0.838407849982182	3.32765034885	0.993787801529911	2.48670317828592	0.840217279207307	3.4800089193499995
LCC1104	15.143690072967415	0.3112831591780918	0.54079791196415	-0.40933501332098204	0.819021865465614	0.27702800677158373	0.3149605314067158	2.084196725545111	-0.026034419386654805	-0.38701339506160914	0.996719339814865	1.80063849446245	0.645645107458417	3.91096142545	0.992070195587424	2.74641238581345	0.85938233065164	3.21684623315
LCC1105	19.70295733048698	0.6532317871545497	-0.24208591977499064	-0.010015312652446364	2.16071356983468	-1.015108546405144	0.2640913893028279	-0.9129798847868744	-0.9632462713080052	-0.5617857855629294	0.9958453432984	2.24577343810662	0.82162034529286	3.19637928505	0.994535909150931	2.56184860228834	0.879062550514041	3.44622239205
LCC1106	36.803639176688634	0.8826590633094312	1.5828047088305084	0.7318723525474046	0.15642639092837846	-0.674714076597759	0.2212696276804868	0.017507467855286393	1.369490065657928	-0.0875238416463812	0.994940243473433	2.47620839999104	0.867467227336286	3.48310409505	0.997937795146167	1.58166553134606	0.74165359016282	3.0134727035500006
LCC1107	18.683001013254344	1.0151859679511597	0.37689808637907773	0.2615012719398747	0.28104640919364343	-1.9003202499713834	-1.388349017724774	2.036326717207877	1.1002453468958127	-0.1857224508203606	0.989038413975727	3.26016843130504	0.939435193336891	4.019733577149999	0.998662032842015	1.11318190159347	0.5611441689826	1.72348573505
LCC1108	42.12352347721106	0.9148497426471865	1.8797600339298912	0.7524961583050755	1.6314363077032428	0.30261351589451263	-0.029042233780852574	0.4937415814628547	0.26560413647640313	0.2822349389822638	0.994538028009107	2.53473294225011	0.863381777205395	4.19697650205				
LCC1109	46.69471785707846	1.091217899545479	2.26239556427178	0.820139417081969	0.3866253244119995	1.2599639578178021	0.6510118838601942	-0.37560719343998483	0.49548027432534725	0.3687950934547571	0.998469583219782	1.12555004943223	0.457582894564657	2.25155175275	0.991721403750188	2.95871690203882	0.91617724476862	3.16013157335
LCC1110	-52.34287661421711	-1.2127316621277662	-3.924559581466553	0.7871946084267272	10.775664135462463	0.98647785231087	2.6923628306769394	16.942085904064854	-8.428286650670024	2.213229451793601	0.993330086787798	2.54456805414473	0.818529941367034	3.0372381098500005	0.980892588996571	3.77021201776547	0.959954920431338	4.973409310749999
LCC1112	79.95724564134646	2.2882167352566753	4.79305869044639	1.7199023398437687	2.354526569422883	1.77942128965618	1.6156580294951777	0.2534492546059109	0.9761405524570577	0.3175267502124715	0.998991950845427	0.828101214503213	0.407508532842869	1.93590990765				
LCC1113	-19.54160084974356	-0.28536603872460503	-2.5395825623960646	-0.5232004686788808	-3.218325249837378	-1.135457484319708	-0.946060436427047	0.2358432694695354	1.6521729282187378	-0.3128964007207803	0.992818661447299	2.81768532883251	0.906711311740239	3.4932366587500003	0.987323305127726	3.41808384548164	0.953546269791634	4.281593248749999
LCC1114	-28.49915648205434	-1.7584914084366183	-1.2738537512137051	0.42106804520373103	-1.242472213766559	1.2624647637051576	1.3474981351396547	-3.3659548661971894	-1.2510386656682286	0.33599249863649483	0.995024457803604	2.42306382434649	0.860329947976341	3.13772940095	0.9812378170427	3.65545503157432	0.944500832813257	3.90168130095
LCC1115	1.930346023532211	-0.5828715197248858	-0.6775787735950847	-0.5570786809281277	-2.4815762732837316	0.5168153814645974	-0.7298970692557238	-0.39341508655347796	-0.5647383780610077	-0.2125714088467128	0.997096969773855	1.9212873136719	0.76960991586092	2.7363660009500004	0.984787699393271	3.47931187514498	0.94042604766766	3.94671432395
LCC1116	-36.05043228302929	-2.6292203114996586	-4.558565250969449	-1.6518299404101837	8.741922241471627	1.0228516257526465	3.7955621238969868	1.2229988783980374	8.844531350913332	-3.067666280428897	0.995846680029788	2.06685640340635	0.722311935667185	3.21865567565	0.980223609676571	3.74438798740183	0.948904579263182	6.158836547449999
LCC1117	48.334894907772615	1.216341318081585	2.5395720754329787	0.961717118632292	1.9701489755716124	-0.33468076395611956	0.6092086848193318	-0.3614588298690773	0.7608418531599372	-0.07037470129306841	0.996829745063431	1.66958847905823	0.58991072236108	2.94742381935	0.998222468836183	1.08557711986233	0.4230000589057	2.5027029146500004
LCC1118	-13.25446307615808	0.2674585874415945	-2.863040048413991	-1.1388671094201144	0.40678707139331133	-3.0352223194900514	-1.0167614623578367	2.023777497390178	2.492935023619869	-1.4535410625796041	0.99061214649084	3.05703692830842	0.912955886436015	4.12278053245	0.992467432434108	2.87939246959632	0.91260070348394	3.16042472455
LCC1119	26.163884774591313	0.6287599957741826	0.8646626102950873	0.550087426694895	-0.5431291125782209	-1.0696107845954117	-0.3772212334667278	0.08967809263524497	0.38519120477612473	0.105792176638831	0.993494545482006	2.75563869105852	0.917752068451016	4.23795673685	0.996977677934856	1.93166454007331	0.756547446137831	3.00523264255
LCC1120	4.646087580093954	0.23300703767160924	0.3151093296294199	0.6056154752704891	1.4548019273168828	0.6984596467421408	-0.44873089056809723	3.294635609682359	2.414789639376094	0.1282657452988407	0.995568353451139	2.25370822934978	0.810905875209757	2.49843701035	0.990097310908322	2.67148547148366	0.836175161724549	2.93902891545
LCC1121	27.567006863475807	0.4619055066936754	0.9593183407073265	0.3857232102266045	0.3236935970127972	0.5775210824813043	-0.06053166150414497	0.1292558054275194	-0.3725128089786457	-0.2205155400669425	0.996906332410856	1.88159567079766	0.734644108453871	3.4681900809500004	0.994019200449907	2.64392924132586	0.901004931264117	3.14940485795
LCC1122	2.4689925107986728	-0.1692391082115725	-0.7948446220614244	0.09720987254601932	-3.612019429054778	-0.7092742678534731	-0.25299710876304016	-0.28606725091352664	2.0320139302232483	-0.010728675433023449	0.989981948472899	3.14693562223498	0.926538829573459	4.205167976049999	0.993923774516481	2.59338962980524	0.867511916718615	3.43642278105
LCC1123	25.806848924083592	0.5597619970851001	-0.0008478835071230844	0.047372256041034025	3.2745671596398327	-1.481068043448109	0.24179369905484566	-0.21408276919843	-1.5471821363433176	-0.40248131682919974	0.997821437054547	1.62866903137066	0.70918047046273	1.88940233345	0.991920157327702	2.97009658072	0.927478563351623	3.83700570665
LCC1124	-52.44313344578019	-0.769988441024444	-7.901630074318848	-2.1402756542518238	1.3963407991563324	-4.433311766005557	-1.5898356873997312	1.3776689386686243	-1.692479075798977	-3.3214370521901944	0.990796518088377	2.85798856612226	0.856678922896337	3.993129798450001	0.980185070932155	3.72712048777706	0.94941553354998	4.54077729065
LCC1125	7.412128885102726	2.246951302135146	0.10275761980367873	1.0679836725511231	-4.571024189724344	-1.9788773240285311	-1.769495452356235	1.035109451677981	7.624884918941726	1.0839192061068499	0.988828103916161	3.224001707223	0.92767011988758	4.51986266585				
LCC1126	5.672602565775409	-0.08180099802944842	-1.5762569798706614	-0.20552772808171138	2.123779527789273	-2.539676209197182	-0.22008106071067163	-1.4375081298495653	-1.6329150484401664	-0.6131637854411035	0.995522478420547	2.34754527934658	0.847220857399109	4.21292248525	0.994319232399422	2.56103545782497	0.872926049042765	3.42647977475
LCC1127	27.16454408307691	0.5995472433445748	0.6528056452682662	0.4409455387625983	1.4749696428008174	0.18108980660249294	0.8017183995101163	-0.2994243650862823	-0.7791005485364987	-0.4114642776789168	0.997080349586321	1.8777509251446	0.75361287212058	2.77864085915	0.993508461097216	2.24092571616448	0.699679368474418	3.50933197925
LCC1128	43.56696861567158	1.0162800401991872	2.309819536518905	0.7332997119028412	2.4513365610214843	1.0575861246292348	-0.8122366257421678	0.25060553046433803	-1.161680515455727	-0.557603467820823	0.996980885850726	1.96498986955975	0.812720562675859	2.45823269855	0.997087747364594	1.46914618320621	0.501345370942689	2.56562896485
LCC1129	24.631109682029503	0.40739723854670307	0.7398778830675213	0.5758409890603485	-1.561367053620744	-0.8942121525824255	0.10881138040883814	-0.8877675682237587	0.1910997391311895	-0.9639799535327855	0.995154077846496	2.3897757157588	0.840698621777851	3.73013671905	0.995458215265624	2.39508971911771	0.8682035420993	2.9250899451500003
LCC1130	20.978214693522915	0.32145336436235183	-0.549325643145653	0.5749774085497334	4.994723984918041	0.29900620377626724	2.6096189577585873	0.44751425862839694	-0.19421018016050193	-0.9408687184154055	0.998675068141318	1.00510514827515	0.420139741290947	1.33709302785	0.990524701619275	2.97552357435162	0.899846123257035	3.74982489695
LCC1131	-95.99114394977528	113.03997255037211	7.81511678491714	1.9080731934589639	1.469442517165007	1.1081734312257376	0.2294226788068748	-2.0141219489244153	-0.7499558888599798	0.10763034291949052	0.961317040179502	4.42354671326719	0.973420787762349	6.208196758550001	0.991759234207307	2.4689899118855	0.757689287090424	2.8829673829499995
LCC1132	14.622302964551928	0.19088271856159317	0.2260993641545616	0.5683444112083526	-1.1548522556546725	-1.2823688752496296	-0.49195181811903155	-0.5347527636050431	-0.9340144936682414	-0.2626329284897273	0.995695545107776	2.2113785208912	0.795778279492936	3.92697286775	0.994883922513715	2.42948993319771	0.852402337314846	3.16766937055
LCC1133	46.4416923733891	1.0438620182355778	2.0666325920533746	1.2062144958078214	1.8713345352580564	0.382542535897483	0.013944206522771039	0.15878125745943908	1.620202324038303	0.2756467788147561	0.995361532597904	2.4095672219096	0.8670992972966	2.83628589735				
LCC1134	26.645997464626667	0.7631789064327417	0.8614096964890435	0.5308460876055563	0.23174988149017337	-0.49752563285105855	0.14778557687611266	1.027881585982798	0.4807890040680437	-0.28983639844748493	0.995980312993678	1.77001676891696	0.583165748220477	3.81408491335	0.993973407264471	2.39947210048859	0.793430122303175	2.35437218905
LCC1135	-0.8388512336492049	0.43114364843939634	0.37244184765024113	-1.7184035468021412	-4.16846939356696	-1.0576539895220145	0.6436451282122163	0.9602305769581061	1.060732409955095	0.03083370369587357	0.993189591472095	2.74844872755255	0.89838452070892	3.35016768965	0.989426137010481	3.14109029908975	0.92026967599026	2.9640551705500005
LCC1136	-9.424143690077056	-0.9764927204181955	-1.0322687076397465	-0.5954231943973113	-2.4839957290347776	1.8200227543715375	1.4015322059859707	-0.4616860588136388	-0.3826341143210313	1.9644852989940345	0.994625811567404	2.27008634248946	0.764796111346097	3.63044404465	0.985353938763749	3.41307201604881	0.926072171271769	4.42278218535
LCC1137	6.964512348044865	-0.3928162716593857	-0.7400152571707418	0.1598472790479832	-2.151055465660011	0.02160745697805324	-0.005187376587959496	-0.6496255580838223	-0.2146285373048496	-0.2242019495415717	0.99624078112606	2.19403055644429	0.849499292949793	1.89718016935	0.987808029221837	3.31096073395836	0.932450808700106	3.77078802625
LCC1138	-45.70436845296317	-1.8380936046769145	-2.697587708861628	-1.7800899361996743	-5.0289233937221365	-1.8257705011186045	-5.193858274524904	-2.6353782901527296	6.785581879307163	-0.8240927064277821	0.986451533690946	3.45559614683619	0.945893590452293	3.96291827145	0.988020692403836	3.15695869020941	0.890286411905653	3.8151687869499993
LCC1139	-12.052016205816681	-1.8824451856278535	2.300608092014729	-0.21266491047861186	-1.0614372791432138	3.307303530367142	0.46050484726057656	-1.6089393291133534	2.1297067350137557	1.134745410780617	0.995704404920688	2.32332503421669	0.855199197974311	3.01420439015	0.983519912246399	3.42370938050363	0.915944857268702	3.43517666825
LCC1140	24.69996955158029	0.35822005132102275	0.9794644294287728	0.29607079703335215	0.5092196537135911	0.736865872248771	-0.11717278932936462	0.3474667223059265	1.3190975485025693	0.2035743275021015	0.995299662049453	2.42301112876215	0.867671692330922	3.1043062315500003	0.994563618201876	2.37838148952667	0.82297820421558	2.90450420445
LCC1141	41.27448469578513	1.0851932587445448	2.0581304250613597	0.7607748298107994	1.0532827800445226	0.7351516309137167	0.684564422938596	0.8869553142201184	-0.4318147448991892	-0.03766359945059649	0.996333232451856	2.02877015960164	0.739145212275335	3.14354354895	0.995129750147283	2.31200314525092	0.8281958398899	3.59444470645
LCC1142	-24.49683843416824	-1.4864905346008286	-3.2202816774084675	-0.9193045758062113	-3.0425387800293966	-0.5522591710061292	-0.9377722348137483	-1.9397341903861969	1.2111127732545413	-1.4850135485196305	0.993108082322392	2.79406656238273	0.905039868852065	3.56552360445	0.986530090393927	3.32476808162631	0.914633167481756	4.11753475555
LCC1143	21.931088253327484	0.2158213231308214	0.5781780670901611	0.7138009072951985	0.17031851708771056	1.1338287791457036	0.7303615059496535	0.10514847130340563	0.3718764062432776	0.41259008232514705	0.998379012696274	1.05374605290232	0.402120704049226	1.60951573985	0.99245082585475	2.87359143257873	0.908693547058317	3.62039723705
LCC1144	-58.63612806647375	-0.8203287338125532	-6.195300654847942	-1.6074227096620761	7.083976975285512	-0.9656519702249662	2.0508900408453523	26.032454500019202	-5.252539787352849	-14.46258478318945	0.991442407889124	2.85623870844873	0.875217865337119	3.80046652435	0.977236090884119	3.95490512737165	0.967793511082893	2.91542555965
LCC1145	-19.737281067579776	-1.4800715357544152	-7.556090480329464	-2.6848657276785453	14.716040299197916	-11.554459893415222	-4.294011286242954	-11.287747494955884	-13.014656625542056	1.62842165446832	0.991679581058711	2.97227216693816	0.915918608840059	3.79013265425	0.990892837315712	2.95284692538933	0.894339769154858	4.622752151250001
LCC1146	-6.026736101117888	-0.5417166928154454	-1.3250258459757176	-0.21804535050565785	-1.9887350978827996	0.7929628749794325	0.25210595968454963	0.39545648863354876	1.1366554644428855	0.37029219052220624	0.993519953309247	2.59866966791504	0.846479828824055	3.3766088781500008	0.986023947914667	3.3367030215964	0.921686781260568	2.71068947165
LCC1147	-12.371599055148536	-0.6099751569181139	-2.6749604688745414	-1.0618034968231274	-1.912717406989294	-0.7501387611082003	-1.3984563375153918	2.181041587607507	-0.9242782038297601	0.05176730010270338	0.993399580751983	2.68257594648827	0.87285974305992	4.51793650905	0.993079702567375	2.72384173541473	0.874858398179832	4.48102745905
LCC1148	13.766266034605435	0.3449343809377504	-0.7781288782000895	-0.26344795741934524	1.5841052531715958	-0.4623195233385191	-0.09005148539524528	1.176787252332405	-0.7695372202697032	-1.1091721402537769	0.995795376240815	2.31852197383862	0.862315766822539	3.20328546165	0.994177972617504	2.48532608670192	0.825623722061287	4.05127588865
LCC1149	10.116406984715516	-0.09202433846147968	-0.09866963823145852	0.12079830522404153	-1.3161196523454433	-0.3851244967083175	-0.4636112938198816	0.73462385179429	0.1544709738335274	0.22961980890716227	0.99400826058527	2.643201704719	0.891060371554463	3.0868907632500004	0.993662536071685	2.59292450218102	0.863484700216825	2.75801599805
LCC1150	45.3767712661968	1.2774642899937905	2.5198564135836334	1.0819503547833038	0.13402911678807047	0.2545393341732603	0.9844565679037852	0.064871268665123	0.3891554560989967	-0.40842816926904585	0.995663637160709	2.22904672515542	0.826666163557861	3.65121201895				
LCC1151	-10.03987557589266	-0.05574173526044664	-2.9165160908447727	-0.6583232130457544	4.296048551325321	-2.8742543795284687	-1.474356695461997	3.4738075236430563	-4.471190085211046	-3.129087186793363	0.993906991941906	2.49042088526956	0.815606165325593	3.45614215545	0.989808976363834	3.1572303964577	0.927476399911091	4.46120865885
LCC1152	5.473243388975407	-0.4010697471650717	0.1313408780852017	0.4330315057728661	-2.1572480074748484	-0.39036795653695067	-0.5148503765795145	-2.6970391733518997	-1.0900950353689587	0.5788342826048456	0.996340233495329	2.18283088125384	0.843244569046419	3.3305602378500008	0.98988069799953	2.99675151083085	0.893749718912898	3.53795629755
LCC1153	-13.211541889291933	-1.2340396271520582	-0.9478888742655937	0.41282776976329244	-1.7678946840566498	0.27665188321631473	-0.20034268897783292	-0.4005564766375125	-0.7674241320785264	1.37094438009868	0.992765222854382	2.78375037568113	0.88712311696575	4.820954103749999	0.989630352785438	3.17882343223499	0.92916521525936	3.5558714331500005
LCC1154	-41.49257801916041	-3.27019251318924	1.300190927642165	-0.9806588715008442	-3.1818396407550464	1.8350697881932627	-1.5602575744440659	-2.6282554352948586	0.10314456649901199	-1.4116978499103636	0.993352606386823	2.6995917657524	0.891838823900016	4.17673025075	0.986266175063399	3.29175672583689	0.913271980271135	4.70663286115
LCC1155	10.732531645845002	-0.04143621855249646	-1.0480718106177944	-0.11957657478037546	-0.7437555393538385	-1.3849444699829205	-0.4121159228349961	-1.3335694475225612	-1.0739176351786837	-0.15567024320699718	0.994860483507998	2.47055874166756	0.85438545964468	4.28666448945	0.994976830446774	2.38989355323923	0.83359427215428	3.3303412119500004
LCC1156	9.695660729367052	-0.2700499088384955	-0.09247081626148125	-0.00966258179429034	-2.396509137248642	0.1625711618123441	-0.08304651970850416	-0.6099400772756335	0.9387911089716527	0.5227991132026318	0.995063178386576	2.21776054366067	0.755772812410659	3.5872099415500003	0.991049509855582	2.98663027294123	0.910991382898588	3.36165881945
LCC1157	-18.376253404251546	-1.338689667819025	-2.9860767179609344	-0.9158160022468731	-3.736748451798508	-0.13852279622061908	-0.37672118294634116	-3.14610381081744	-1.6729268329043634	-1.1331785472000147	0.996130844564571	2.21201656038118	0.841865956697258	2.99748197035	0.984354589595428	3.63868630616677	0.961583329621684	5.04093287165
LCC1158	38.5490355916693	0.8426607930854736	1.3372166076221788	0.6502155593154245	-0.5485447455343015	0.42693768972462537	0.7951094693101717	-0.5361675879124874	0.3020786395352388	-0.45320998124905815					0.992539361111292	2.78820489047833	0.888671674066234	4.57994095795
LCC1159	-8.431812160138351	-0.757409571609256	-1.5419790359169836	-0.4728831838804837	-0.9417409940309448	-0.3245181697812094	-0.060347522323125534	0.8202286323274588	1.21902157433732	-0.43201417954707627	0.994124355121206	2.64906290965447	0.893719799530811	3.70961382105	0.989773938945378	2.91952831878301	0.868263883003172	2.94446860465
LCC2001	36.478722045859726	0.9150312744468995	1.5645281492329328	0.7214606580622289	0.8971284632650357	0.2898351438202705	0.21448546864717186	1.9152020777077845	0.2488810766326982	-0.2755131999474781	0.995780198345284	2.31453763678737	0.8560381743891	3.3413898182500006	0.994895972614054	2.38584499122301	0.864751763467011	2.39216158955
LCC2002	6.807746152054754	-0.21212643848982787	-0.7804919052428942	-0.1710889810240648	0.25035425517475546	-0.8853397240217484	-0.5925800517395423	0.39240943535514605	-1.0062387185415376	0.027662574578679877	0.995155866176637	2.45630360990017	0.889961264397218	3.5766973083500004	0.990819186632367	3.09151406537478	0.935443800039051	2.8431328835500005
LCC2003	-44.16647567683892	-3.5449684744003616	1.555328826214668	-0.20120098118396018	3.019253783565576	5.03737412843256	2.7064736132230776	2.389565452287962	-0.4943789841001442	-0.6490262895191985	0.994665520132378	2.56646736087614	0.89506823679124	3.49083761345	0.978753398949799	3.84668897864213	0.957966855236764	4.56483859475
LCC2004	26.368485941535393	0.678613491905708	0.9429812132447186	0.3255012081892692	-0.06438119998800407	0.6551415787046765	0.34107765642508153	0.8151953028571751	0.8616608136901142	0.1916965828897511	0.995331708909895	2.37323917632069	0.844177580195728	2.7176931356500003	0.994714855313628	2.45044162353295	0.850741588918622	2.60143870575
LCC2005	30.355835386986016	0.4379054140076804	1.4381969358715796	0.3890380666735392	0.21085767441256656	0.21758949310543577	0.17731033894944737	-0.998219727258662	-0.07244949286148208	0.3802471193425194	0.995452708853366	2.39727649628798	0.874261200664445	2.49478255635	0.992061351020409	2.95704003187881	0.92553678217742	3.4891983791500003
LCC2006	33.051306674550695	0.6269421043836599	1.1695125820565406	0.8431158624461725	0.3262825538422718	0.3612222922203763	0.7373579466051778	0.4728462754650413	-0.6315847267003148	-0.3359675169389491	0.996783273690017	2.04122295395198	0.81331483222336	2.5630832029500006	0.99470489528957	2.03876524614339	0.724123062552434	2.96830651015
LCC2007	9.468964351163343	4.483488335089817	0.044826371537385376	0.2511525835501736	-4.1548902738722235	-0.5179946430530933	0.3089604492796888	1.0119702933045356	4.145935566969872	0.2292698480378596	0.987489174198847	3.37820084741296	0.944993431252241	4.513699556650001				
LCC2008	-25.393285182474838	-1.6326792016072984	-2.9468976343078026	-0.6582501633306277	10.392500723169608	-0.6431407737495641	-0.017292159899921767	7.302234941507738	-5.307227570390254	-2.544744546716389	0.995334305681191	2.38232162666982	0.8512181871873	3.31343125445	0.987124818788152	3.28643674403642	0.92526914798281	3.950391024950001
LCC2010	-56.637348115270285	-4.511479060716028	2.688635954034779	2.5490222445145276	-2.3346011722651343	3.111356954136623	-1.741340142243691	-7.20599801009994	-4.0424123888285965	-3.946690604256968	0.991593720917847	2.98531950290733	0.930007706424969	4.52058105605	0.98127970712191	3.53395058541683	0.926062758588106	3.763456029450001
LCC2011	25.313991027153033	1.3538045260845444	0.7277604825022104	0.2912896988686662	0.21729657017720647	-0.2679950013287972	-0.2866515116929996	2.7618962250752643	1.0056228178772795	0.0849762362579626	0.992088276706449	2.95609990864314	0.926705034570049	4.41856967285				
LCC2012	-0.28743844532979806	-0.7705619530184916	0.6401710282992402	0.4760986292027816	-0.666682733225562	1.5054597796668392	0.7056167169701594	-0.577131507593562	0.6163045574355001	-1.1241394860388607	0.996715619031739	1.94582794841701	0.746947780829749	3.17254871145	0.988926949739311	3.11246893439709	0.906509483107508	3.82941366705
LCC2013	-18.88820506206604	-1.180371671088841	-1.8721209334521798	-1.2631624026538586	-2.160793412963498	0.3251870517625102	1.3145969353740072	-1.1875004554007362	-0.8922943072898981	0.04651216784836907	0.995876197546803	2.20701780477834	0.814384922381096	3.16884702795	0.98419735976838	3.54718383497597	0.941521796512992	5.65354794265
LCC2014	-5.200509197200963	7.16398793350317	-0.7542941417957104	-0.7283065097136394	-3.1733888373189982	-0.03518265929508999	-0.9737488211162075	1.7169424297410822	8.148694351362787	1.19764330104373	0.989810925712257	2.69301922945158	0.794430089338261	2.49947843405	0.993397417587005	2.52422455723414	0.833345703809948	3.0440114997499994
LCC2015	-3.2037226287381406	-0.7341583350917997	-0.7792221943405053	0.1703255649984415	-0.5097386631241055	1.0040747864796848	-1.2130914036416673	-0.8232108997817182	-1.312596804935421	2.179337458201539	0.995572755486675	2.35406046719816	0.856556290189029	3.4467741769500004	0.989526030778306	3.17141777794271	0.92795429739585	3.7435416464500006
LCC2016	13.276564489676199	0.004058165283067693	-0.09695351385306011	0.5761981495497244	-2.8836598882520867	-0.6548694301018987	-0.42720138808373403	-1.8232321191348195	0.7762651426372807	-0.017940045879391315	0.993730567416826	2.68782739335654	0.892009210946929	4.25607808495	0.995664718619945	2.142636661542	0.750603908113228	3.64126720045
LCC2017	66.17592502598754	1.7928608750591644	3.942842132351827	1.73779481663441	0.8032537050256355	1.3772241447450284	1.5618315407046095	0.17508215387251566	1.2565465998594787	0.28184263258903053	0.99764383654404	1.62096881972503	0.649248803689993	2.35777028755				
LCC2018	3.4186698522274166	0.6883066651866308	-0.597301448671936	-0.6825155679577094	0.6496845628902818	-0.672375100991104	0.6252818771818751	0.4785293365183542	0.43104759759818806	-0.34536539988023945	0.995596181910191	2.32042560597136	0.842077403622108	3.5203881064500004	0.99286844191947	2.35110502926197	0.72012719189362	3.82938466235
LCC2019	44.19619297957212	1.011543017122741	2.3169657799906482	0.9451858713679506	0.02531303328112474	0.400150364806748	1.02721056224412	-0.43735062676736847	0.3183024291438916	0.0808036050366465	0.994965525075426	2.36257423666927	0.825464837607548	3.3724102033500003				
LCC2020	-21.370243418373267	-1.5023434719968174	-3.8320491174204405	-1.2156833512743677	-1.7196521704058647	-1.9865690463089314	-1.2235929146107765	-3.894037279908853	1.231123039952656	-0.5615545676518137	0.992484323393801	2.5967413368829	0.807587799317559	3.64689750955	0.986380762544124	3.49848558789317	0.955068369042935	3.88512331105
LCC2021	-6.591724243650011	-0.2866855670250689	-2.710967726944894	-0.9849827210469764	4.238433858515005	-0.9534126761454264	-0.9716646022874847	1.0652398667886696	-3.7292579987302656	-0.8558577092740542	0.99597563623213	2.21525060682923	0.82209927615024	3.10656498105	0.990236320143921	3.09662940335316	0.922202342403037	4.09364435355
LCC2022	-0.07557836121866378	-0.030539860241481614	-1.0675784891108893	0.19877894451579534	-1.2773380787434798	-1.3408212125050822	-0.5615466300908329	0.9511740074318341	1.465442339770175	-0.5723923802495976	0.992702761207374	2.80812238204037	0.889773847723071	4.28932712875	0.996400088808966	1.91719615595794	0.701200917309394	3.26883768215
LCC2023	37.43880607473227	0.9150758379189892	1.7897255655754356	0.6981749414290334	-0.289107830131789	0.6182613498898293	0.5527781529706081	-0.9981584253242377	0.15472924514503048	-0.17595846381488414	0.996755320291374	2.01528024313035	0.807769896876233	2.10626964695	0.991595455598456	2.97776869421308	0.9215139990485	2.50914410735
LCC2024	-73.83176875239297	-4.626816703879673	-3.8568238099319725	-3.7248006001921645	19.068764364979298	-6.995478135251838	0.2839807698873668	-10.450295520915311	31.41338772050882	4.406599711872121	0.991348437837838	2.97081117416445	0.90911691820982	3.5570683215500005	0.977337891460166	3.80426927184273	0.941051734157769	6.48963569575
LCC2025	7.353796373284133	0.2354762087071942	-2.0108187254532734	-0.3948562868762761	2.9536232977242984	-0.8762904955200821	0.6404126172726144	-1.0739572456443163	-1.7785141388243522	-1.9713222992000452	0.998656094980695	1.14935995929586	0.55594923770046	1.7626266391499998	0.98628622187246	3.51360683169887	0.960508538614517	5.40613135535
LCC2026	-36.75736301289367	-1.6905143957623252	-1.8642287928244667	-1.9756772267825922	-1.0679458295195208	0.5526679324682193	0.13774418840878908	1.7184901774639771	-1.561698666502339	1.961939959244506	0.993550451996307	2.72020048473542	0.898179671146217	4.283145001149999	0.98415545985082	3.59586956557089	0.951887348117426	4.15026082735
LCC2027	4.369123731893545	-0.1270475855971218	-1.260047448027489	-0.2617905405350057	-3.1183717348748097	-0.6293289483336224	-0.5248636091590794	0.48586058766227946	0.7825242602937569	-0.2897364267644125	0.994632728295643	2.50723458725425	0.86446935651574	2.99870970905	0.989885659238832	3.19806951067807	0.93872559467666	4.16007439475
LCC2028	-30.132302794434597	-1.9419420356442152	-3.4809000914376265	-0.12671585218324483	-1.8944935544959862	1.027463140873715	0.22099818386716769	-0.330345456602498	-0.7826564274324407	1.2215210033850203	0.994881411472697	2.48234499860306	0.8684149417919	3.79383752185	0.985886962006282	3.47590292765735	0.945176176578392	4.64645182945
LCC2029	-6.827390481308484	-0.6601334292298068	-1.3722141236194292	-0.47910280297077446	-1.0081206152629618	-1.1352823679497055	-0.23887468843587478	-0.8228042065298703	-0.31462234201769895	0.7525331030223128	0.992458548484167	2.88836261827579	0.916451914569649	3.81939255435	0.991377301263037	2.98489811035052	0.91412502896696	3.35778418105
LCC2030	-0.9478953184017919	-0.13228755505156947	-1.8534504462924724	-0.2646917661434357	1.064905986898565	-1.075709674734121	0.06683520964230524	1.2161493359341893	-0.8053671093584417	-1.0050153647475166	0.996013422957951	2.24591569074863	0.848605313872669	3.63183397655	0.991654844691646	2.60871445593389	0.793355429761436	4.738948500149999
LCC2031	-3.4817348026541453	-1.0998741884895362	-0.9685926685694562	-0.1547081042980578	-2.079607910333003	2.069097852222287	1.2377123258123401	0.19063488229717504	-1.06790698630271	0.9414446353651073	0.997882374609956	1.15698732477327	0.402418198973844	2.63608643445	0.982846757330133	3.60678756282641	0.947626193476274	2.7490885743500004
LCC2032	3.9625528806771726	0.27006864634076244	-1.7020218918069496	-0.45398806880630943	1.46885333196461	-0.5355173406208401	-0.03620393522000547	2.8986276000815336	-1.084460424141869	-1.5896082958273916	0.994268511009863	2.6314604476011	0.906114135154058	2.53706884395	0.991486036000693	2.91438968958517	0.897202695947637	3.56862408865
LCC2033	16.321813194025772	0.33726738761027997	0.3798675982579825	0.2930517306796673	-0.8161522111222059	-0.46159994950837324	-0.4630611458878644	0.5292961636702604	1.1782835823010986	-0.04563648235181102	0.995622094767	2.32940975641635	0.848126672036575	3.412920742950001	0.996185670495566	1.95351890788671	0.686281301863793	3.0206886607500003
LCC2034	-74.10892102868695	-9.459661148954194	55.07113959884359	-36.29438644888701	-2.7283950391621623	-22.168807760921624	12.939383936389278	3.7966561539277315	-3.7007518808301074	2.9669277624887624	0.988799396503772	3.17468359915421	0.913427440672727	4.364026678650001	0.965607621148013	3.9511223714207	0.911101934084467	4.85624686765
LCC2035	57.338040969133836	1.4261399593306667	3.3048545047834454	1.311703780477284	1.3403482999844674	1.1770419181657392	1.0747486589333584	-0.004417298384310625	0.49112394956508343	0.45155206830739897	0.996186749706186	2.21850265017204	0.847652254046068	2.81761602825				
LCC2036	-4.959058412798918	-0.5191334028606089	-1.6719492429373064	-1.162484631614581	-1.8860390378573149	-2.7506209733084876	-0.46005245049476995	1.4271686845289924	0.09262721040312145	-1.7140292817159628	0.99149814184531	2.97496016861346	0.914353381147609	3.4110333942500004	0.993285450303365	2.73882594873989	0.89028640519672	4.60554197455
LCC2037	-21.632371155167217	-1.6538595273447354	-3.7640033267450366	-1.4922471981008212	-4.444751407386703	-1.787134590174336	-3.394265797097768	-2.059869549460518	3.7362640029225305	-2.118902363103424	0.989419190182019	3.25180206368548	0.94414047664348	4.314391312350001	0.991331122796472	2.84810989944414	0.867799295227073	3.46614946125
LCC2038	-23.60107664789394	-1.5451203404221565	-3.942563208774214	-0.07980074448295987	-9.831259156866826	-3.6819274842789653	-3.4422108566898384	2.576338439335408	-0.18608063773866038	-1.5304064131814779	0.99302056000889	2.81396857487197	0.911640573529274	3.48457066715	0.989005600426442	3.0062175323661	0.870257662294231	4.40372040535
LCC2039	-21.493096296640566	-0.37064171383419486	-2.62327305914493	-1.500310487315832	-4.050290890277945	-1.8314239276987139	-1.1814268859941053	-2.2567475369178966	0.8896534416508528	-0.810200341706166	0.991102400992831	3.02525798134036	0.92040852679724	3.78089462735	0.98866622899838	3.26426637276741	0.935355326796979	4.474348120149999
LCC2040	-48.435961751340464	-4.762831108564667	7.332494507086724	-2.6211943125768356	9.319691912793703	1.7220483172754495	-2.803159353136918	2.961873453486116	19.84116176145776	-7.179390102126334	0.991846411717324	2.98409688494724	0.931142322167152	3.731977578650001	0.981963560132362	3.19004253182258	0.842843357788871	4.10761456925
LCC2041	15.437169310825354	-0.19370149458778885	0.9228925170012673	0.3531211058803573	-2.272251705127669	0.9478674637297058	0.5812209481841183	-0.5002323355664563	0.5232044178958624	1.3749810454704106	0.995195874698848	2.41840822845877	0.856756873239306	3.50192152215	0.991637593204922	2.89393743677565	0.891742772905924	2.6425207964499995
LCC2042	26.6765430904585	0.40331879993064235	0.4118250547460794	0.2741485424999205	0.5498029316204557	-0.9169588641218359	0.6053734933736247	-1.7789192344642297	-0.7594345967411688	-0.7177259092695149	0.996449098479746	1.86842927819177	0.659943403782512	3.10981177535	0.993282388442521	2.77826652159243	0.907084722078132	2.8958265497500006
LCC2043	15.112813092518149	0.15262311584176694	-0.255919572138069	-0.017563264764472727	-0.07907893827165376	-1.5885314194224027	-0.23423291872905125	0.27111429118852204	-1.6658720859817333	-0.559911463095709	0.995885874241589	2.26938559728679	0.83828541313488	3.24732765365	0.993400396196079	2.75700875366571	0.903446907325552	3.53037206325
LCC2044	-8.275906731085254	0.05929826805682478	-2.952725801464922	-0.8014401299046461	5.213442252671794	-0.13814662186394971	-0.672514065531302	5.099605240308171	-2.692442915634884	-1.1542871583617578	0.997115563057335	1.60016969132703	0.575409766751921	3.12229285125	0.988349586127345	3.26681294068713	0.931431942535977	4.347313584250001
LCC2045	15.992443248284237	-0.04035602953712846	-0.01885049569660693	-0.03041205714089671	-2.032573984270664	0.34325988593362666	0.1141482020483628	-1.3985200146496553	0.1270526375116633	0.13656747569616168	0.996575886399108	2.0998986636902	0.834969480975254	3.4922672826500003	0.993849232984005	2.61755357446207	0.86845509358792	3.4006128456500004
LCC2046	51.45982165992336	1.2289093005048397	2.8393244473634254	1.3964140178044113	1.0999000899511364	1.204090290759592	0.4711681472327666	0.22085998236674076	1.141150713952648	0.3271075905237659	0.995753787970483	2.09207717023699	0.726386441264739	2.33118207015				
LCC2047	8.212447790821312	-0.44219433438284567	0.719365798593078	-0.12886707859848595	-1.5598524849318895	1.3433610367745052	-0.15814786578635934	0.8081442144467564	0.7637042884498854	2.7853744998117924	0.99573240845355	2.27256616626318	0.841337052441122	2.59072862215	0.992988273736847	2.60999527445152	0.829482666920474	3.10255661115
LCC2048	1.9739400172924721	-0.8570419088516839	-0.07031166813883058	0.8094208728362724	-0.2596139100204829	1.3566278889650105	1.4500359324455738	-1.724519250329101	-0.9277417815092167	0.7948705223220885	0.995526805172653	2.3557210096425	0.851609068103793	3.37866965005	0.988772167784436	3.20484636210797	0.926117932253156	4.179361397049999
LCC2049	59.44544184734538	1.5692878698270187	3.3704026346344578	1.4311470664381496	1.4833793406967575	1.2075300885714346	1.2933780276596734	-0.09003785454018609	0.5520250863120347	0.2368625682619013	0.995890002426917	2.25068513170944	0.85984905406338	2.2596903093500003				
LCC2050	53.295030564927856	1.4165792635297763	2.718576456780589	1.0452776063200142	1.6440623653653568	1.149995987584158	0.6937591563768057	0.530298737972222	0.16678645537329037	0.4105990923260393	0.996107409591036	2.17024005463558	0.807910920518756	2.37894807085				
LCC2051	-17.287450976255045	-0.7430254196315063	-2.4068727252827755	-0.30620602391679314	-3.6167994500397356	-1.9109191348299945	-1.2394608780447902	-0.08099859908869904	0.2840012616524154	-0.2003873944948104	0.989687522592773	3.20659722602219	0.937484598123462	4.982390800149999	0.993250133139131	2.68403146778272	0.869921502220665	4.6196629947500005
LCC2052	49.1882931754929	1.1822980089447084	2.6495545992757923	1.2525196081521461	0.4814382100686024	0.7888655872675051	0.9382130441206127	0.11191825196138507	0.9188419543263352	0.26443748990722904	0.995854226891829	2.29796274486363	0.849061394239407	3.3992349125500003				
LCC2053	16.12997588958912	0.6366153803137976	-0.6059444360599584	-0.11550015997592515	2.666114328788148	-2.6573316260926587	-0.5158118876636059	-2.4919083867575855	-2.6174199847535378	0.31833183008920635	0.994172162982254	2.63994808073582	0.894762851136545	3.5797027283500005	0.994319076149974	2.49764187502468	0.858711371093117	2.4372934789500005
LCC2054	-16.517234163746327	-1.0700008585928449	-2.867257294392881	-0.47984446952631676	-0.37300061977506277	0.3236282189502585	0.15106290109096412	0.9204307381226812	-0.05431646132926987	-0.0729294853978695	0.992587271152786	2.8816091384853	0.92003297718778	2.96453547775	0.989578454059886	3.06025953601952	0.897729989816869	3.26656178265
LCC2055	-16.376490900663825	-1.1957178912829838	-2.1624197097055964	-0.44980082257210197	-2.595527726650287	0.6431997829944733	-0.2749858050618933	-0.3408100800117999	-0.8835909716933712	1.1869284112611622	0.995257479205237	2.42861630426507	0.868107624741938	3.6956540966499993	0.989464457004706	3.14496605720132	0.924421033712563	3.2494986909500003
LCC2056	16.487385960747122	0.5205882219626112	-0.5347699741233555	-0.195096970097331	2.2274091752352163	-0.7850181342337764	0.14394950164758819	1.0582065602529214	-0.69271732451224	-0.9052300311533075	0.995504535135136	2.14212349391083	0.7363883206903	3.61932080265	0.993651901930502	2.69408638831622	0.8924812474753	3.80227199455
LCC2057	-13.1491971538364	-0.28417274888763355	-2.926894856879524	-0.7132450878242972	1.6964271029592246	-1.3274105860380023	-0.5366763187015108	1.6751144203922934	-0.6532020675907411	-1.3565127205221952	0.994188152123553	2.64226445115604	0.90608964324214	3.55924495865	0.990779963785541	2.80228172569016	0.865888945325087	2.74623247975
LCC2058	30.15485009005819	0.3877515680277486	0.4321797312838206	0.6509883629706836	-0.2573559053075249	-1.5369233050798459	-0.39413214729715673	-0.04317429281767388	-0.9281397714461842	-1.2071370660553011	0.995609713005955	2.21153503431331	0.784114826915937	3.31608033525	0.996128249757166	2.02936713222791	0.777527128065658	2.4644179721499992
LCC2059	-42.6299367169362	-1.8998839772117226	-8.459887565371917	-2.57320127620526	6.759229322731106	-7.845531160921417	-3.461054481506705	-6.5978990401932185	-9.969919556914187	-0.9830252713572599	0.99290132844184	2.80616309874579	0.903565237645412	4.53324638985	0.987150235553958	3.40791948323127	0.94394475441118	4.75653622855
LCC2060	-19.52210265237842	-0.833834073789787	-1.689292017457013	0.9319863848165507	4.008178369023444	4.693272015586484	3.7234446995494483	3.0855228098146226	-0.8923820728474215	0.12175749352084415	0.995953453925186	2.25572179685381	0.844699663909384	3.58940475295	0.985710150720079	3.4519839865566	0.940641510566014	4.49343135935
LCC2061	32.57999102615963	0.3625120486869711	1.7376048671921103	0.6814048338401053	0.38388240124749307	3.3127058738515425	1.6361615555520983	-0.2596689507298141	0.13018029801884645	1.0856529197292146	0.998756690388631	1.03597875407757	0.531955883371951	1.12356255025	0.989089478261274	3.20826041762486	0.930489520887948	4.01284141415
LCC2062	-44.730306867467334	-1.351466768293967	-4.817673383265521	-2.4352025718662795	-7.876178090939765	-3.840423086263172	-1.5556746154183752	-0.45539132821425127	-0.5019770305714017	-1.763602783295666	0.985559815509102	3.56153576619666	0.959392197856751	5.05931996455	0.988882856039714	3.27359333889091	0.94008978306224	4.67767404645
LCC2063	-40.6342927818142	-2.140903329746332	-3.7838729462264347	-0.7484973704192457	-5.191428433751605	-1.9280227163801325	-1.224600272624214	-3.637461372853454	-0.4020454830529932	-1.2130615989681615	0.991433495201324	3.02718481097971	0.92605006423956	4.985195185849999	0.98898692433167	3.15761940201414	0.91485388260082	4.69927688205
LCC2064	-5.714981354138369	-1.0279066945181115	-0.7104303784902948	-0.7939882081341122	-1.3450533554243036	0.0760641644217763	0.6338732134179188	-0.09385584974433368	-0.34163867609711357	0.24902814242212012	0.996291777982956	2.07119488850972	0.757859748292441	3.40479908155	0.98663183415535	3.40710443568477	0.938379520482687	5.55188136375
LCC2065	42.75310696630928	1.6083639398444542	1.8759972401556197	0.507133553284442	-0.07585654869896331	0.2247260482555091	0.5157937028316689	0.7625287352930571	1.2574431470039469	-0.3827181660011655	0.99704841547684	1.79197586843911	0.687334569610686	2.17982580155	0.994290767639179	2.4717549255393	0.826769109852451	2.86108796665
LCC2066	-11.67688349151297	0.2421186603506391	-1.9267818232194514	-0.659944177292266	-3.835786821149372	-0.2779185231230233	-0.7482292069917913	1.4216666946031973	1.2627360363984932	0.812165753259576	0.992189108353576	2.7483458001668	0.863575949227132	2.73682157365	0.987575600746025	3.26017119307535	0.921832394152032	3.80344693085
LCC2067	-20.245265931511085	-1.3686255962823604	-4.063733959931313	-0.4857944624482045	0.8567954316255475	1.28588283401473	4.2757982127010905	-3.419263004504792	-2.88687736737081	-1.9930808854675928	0.996119889139764	2.219633910982	0.831670577874178	4.00843331565	0.985493939652423	3.47900155484037	0.94165775816532	4.37069286995
LCC2068	-13.060646528079076	-0.3812045908786728	-2.375982829068852	-0.8638163961911722	-5.66872219953165	-0.8888847021442554	-1.015434399825384	-1.5645487528568414	0.9869352704669757	0.5006712400174343	0.991010591648958	3.01725324267017	0.912722035497929	4.06201244235	0.991170625152527	3.02413092259595	0.91719993349059	3.24900230685
LCC2069	19.301053132377298	0.5565451678072989	1.2274173814187483	-0.19370747572322444	-1.5037812939398951	-0.15504532261581708	0.05365723703632693	0.4032794039658247	0.41210507507426514	-0.25884670934779214	0.993117991784106	2.75373404161575	0.890083506297967	3.3107320297500005	0.995213016159052	2.34156345956244	0.833920696836883	1.5694272489500003
LCC2070	-20.886211131968917	-1.320692375658122	-1.3938888704794623	-0.3475936584703298	1.8645813338383608	2.5533728333751227	2.842387976191628	1.1917733697508446	3.266808249252524	-1.0811868173557106	0.994673305462112	2.37765509283027	0.813244508784972	3.81991685685	0.982521896483663	3.55547602879778	0.935092389644682	4.55444632555
LCC2071	15.561870392622955	3.3721097061902774	-0.24132001825963334	-0.19327447106766196	1.6786260083213134	-1.5516583097770764	0.8293357962544401	2.8370463173077445	2.8403861114264672	-1.0868020214780005	0.995081929495278	2.09866425326581	0.747821874532488	3.13934351895	0.992524969564751	2.8163017727761	0.891352042128904	3.61773402385
LCC2072	-29.825207209367104	-1.2020603223964965	-4.212666883989194	-1.1402951266785597	-1.3493370160497116	-0.6207785277852035	-1.2854369682894973	3.1537724960577074	-2.64983868396057	-1.2165221310811196	0.994196692695212	2.64324276377399	0.900530780540051	3.87548349965	0.984871690457805	3.5549868399588	0.94924396574584	5.58267604995
LCC2073	-28.605777173937255	-0.9621833045188183	-3.641752150142335	-1.4905204926720448	-0.7683067745751841	-1.365683723263735	-0.9856646032660061	0.7510709915667725	-0.5163309950234405	-1.2385110396279166	0.993609469810032	2.69811090570384	0.891326821626695	3.93961505215	0.987686432026972	3.35251648826239	0.940662853060601	4.48509376395
LCC2074	-7.207397212767175	-0.06777044658855606	-1.6534789914324959	-0.3282988973358304	-0.8875126217516669	-0.7626363900085367	-0.6715388017018122	0.5992787051912073	-0.6561689632490931	0.1692186580833782	0.991506711329658	2.96419887207289	0.90814096890971	4.014394580549999	0.99337898769973	2.61139859479463	0.861916240242219	2.95201303745
LCC2075	28.814040274306056	0.538181782676113	0.9242845073882463	0.7251162638206889	0.5388422042303459	1.0717344812347596	0.6098663656721058	1.2966979990282455	-0.25950659722847663	0.23112079265081223	0.998231345295453	1.17146983214223	0.480090781476119	2.10076597235	0.990636174077406	2.9840731010185	0.900840615879294	3.88578040435
